Test (5B): join then leave ...
  ... Passed
Test (5B): snapshots, join, and leave ...
  ... Passed
Test (5B): servers miss configuration changes...
  ... Passed
Test (5B): concurrent puts and configuration changes...
  ... Passed
Test (5B): more concurrent puts and configuration changes...
  ... Passed
Test (5B): concurrent configuration change and restart...
panic: test timed out after 10m0s
	running tests:
		TestConcurrent3_5B (9m31s)

goroutine 1552715 [running]:
testing.(*M).startAlarm.func1()
	/usr/local/go/src/testing/testing.go:2484 +0x394
created by time.goFunc
	/usr/local/go/src/time/sleep.go:215 +0x2d

goroutine 1 [chan receive, 9 minutes]:
testing.(*T).Run(0xc0000036c0, {0x6b2b5e?, 0xc000135b30?}, 0x6c9658)
	/usr/local/go/src/testing/testing.go:1859 +0x431
testing.runTests.func1(0xc0000036c0)
	/usr/local/go/src/testing/testing.go:2279 +0x37
testing.tRunner(0xc0000036c0, 0xc000135c70)
	/usr/local/go/src/testing/testing.go:1792 +0xf4
testing.runTests(0xc00000e468, {0x8ba5a0, 0xe, 0xe}, {0x8c0e80?, 0x7?, 0x8bf840?})
	/usr/local/go/src/testing/testing.go:2277 +0x4b4
testing.(*M).Run(0xc00013c8c0)
	/usr/local/go/src/testing/testing.go:2142 +0x64a
main.main()
	_testmain.go:71 +0x9b

goroutine 81439 [chan receive, 9 minutes]:
6.5840/shardkv.TestConcurrent3_5B(0xc0000ac1c0)
	/home/hmc/learngo/mit-6.5840-private/src/shardkv/test_test.go:615 +0x5dd
testing.tRunner(0xc0000ac1c0, 0x6c9658)
	/usr/local/go/src/testing/testing.go:1792 +0xf4
created by testing.(*T).Run in goroutine 1
	/usr/local/go/src/testing/testing.go:1851 +0x413

goroutine 677507 [sync.Cond.Wait, 9 minutes]:
sync.runtime_notifyListWait(0xc006cc35b0, 0x292)
	/usr/local/go/src/runtime/sema.go:597 +0x159
sync.(*Cond).Wait(0xc0053b9ef0?)
	/usr/local/go/src/sync/cond.go:71 +0x85
6.5840/raft.(*Raft).applyLog(0xc006cc3540)
	/home/hmc/learngo/mit-6.5840-private/src/raft/raft.go:937 +0x26e
created by 6.5840/raft.Make in goroutine 81439
	/home/hmc/learngo/mit-6.5840-private/src/raft/raft.go:1073 +0x376

goroutine 1552522 [select]:
6.5840/labrpc.(*Network).processReq(0xc0002080a0, {{0x656d80, 0xc009c40150}, {0x6b29e5, 0x11}, {0x71b0f8, 0x64fba0}, {0xc000680380, 0x77, 0x80}, ...})
	/home/hmc/learngo/mit-6.5840-private/src/labrpc/labrpc.go:251 +0x3e5
created by 6.5840/labrpc.MakeNetwork.func1 in goroutine 81440
	/home/hmc/learngo/mit-6.5840-private/src/labrpc/labrpc.go:157 +0x58

goroutine 9 [sync.Cond.Wait, 9 minutes]:
sync.runtime_notifyListWait(0xc000164070, 0x37)
	/usr/local/go/src/runtime/sema.go:597 +0x159
sync.(*Cond).Wait(0xc0000596f0?)
	/usr/local/go/src/sync/cond.go:71 +0x85
6.5840/raft.(*Raft).applyLog(0xc000164000)
	/home/hmc/learngo/mit-6.5840-private/src/raft/raft.go:937 +0x26e
created by 6.5840/raft.Make in goroutine 6
	/home/hmc/learngo/mit-6.5840-private/src/raft/raft.go:1073 +0x376

goroutine 10 [chan receive, 9 minutes]:
6.5840/shardctrler.(*ShardCtrler).applier(0xc000078360)
	/home/hmc/learngo/mit-6.5840-private/src/shardctrler/server.go:275 +0x6a
created by 6.5840/shardctrler.StartServer in goroutine 6
	/home/hmc/learngo/mit-6.5840-private/src/shardctrler/server.go:561 +0x2e5

goroutine 545622 [sync.Mutex.Lock, 9 minutes]:
internal/sync.runtime_SemacquireMutex(0x71b0f8?, 0x80?, 0xc00003cf08?)
	/usr/local/go/src/runtime/sema.go:95 +0x25
internal/sync.(*Mutex).lockSlow(0xc0014699e0)
	/usr/local/go/src/internal/sync/mutex.go:149 +0x15d
internal/sync.(*Mutex).Lock(...)
	/usr/local/go/src/internal/sync/mutex.go:70
sync.(*Mutex).Lock(...)
	/usr/local/go/src/sync/mutex.go:46
6.5840/shardkv.(*ShardKV).PutAppend(0xc0014699e0, 0xc006bb1b00, 0xc0047b07b0)
	/home/hmc/learngo/mit-6.5840-private/src/shardkv/server.go:181 +0xf5
reflect.Value.call({0xc000139310?, 0xc002a004c8?, 0xc0028c1b18?}, {0x6aef4f, 0x4}, {0xc0028c1d20, 0x3, 0xc0028c1b48?})
	/usr/local/go/src/reflect/value.go:581 +0xca6
reflect.Value.Call({0xc000139310?, 0xc002a004c8?, 0xc0067a3768?}, {0xc0028c1d20?, 0x475657?, 0x43a947?})
	/usr/local/go/src/reflect/value.go:365 +0xb9
6.5840/labrpc.(*Service).dispatch(0xc006c388c0, {0x6b2547, 0x9}, {{0x656d80, 0xc0047b0390}, {0x6b253f, 0x11}, {0x71b0f8, 0x64c8a0}, {0xc0057792c0, ...}, ...})
	/home/hmc/learngo/mit-6.5840-private/src/labrpc/labrpc.go:506 +0x35f
6.5840/labrpc.(*Server).dispatch(0xc0024babe8, {{0x656d80, 0xc0047b0390}, {0x6b253f, 0x11}, {0x71b0f8, 0x64c8a0}, {0xc0057792c0, 0x98, 0xa0}, ...})
	/home/hmc/learngo/mit-6.5840-private/src/labrpc/labrpc.go:430 +0x1e5
6.5840/labrpc.(*Network).processReq.func1()
	/home/hmc/learngo/mit-6.5840-private/src/labrpc/labrpc.go:240 +0x3f
created by 6.5840/labrpc.(*Network).processReq in goroutine 545619
	/home/hmc/learngo/mit-6.5840-private/src/labrpc/labrpc.go:239 +0x1d0

goroutine 12 [sync.Cond.Wait, 9 minutes]:
sync.runtime_notifyListWait(0xc0001641b0, 0x2e)
	/usr/local/go/src/runtime/sema.go:597 +0x159
sync.(*Cond).Wait(0xc000138be0?)
	/usr/local/go/src/sync/cond.go:71 +0x85
6.5840/raft.(*Raft).applyLog(0xc000164140)
	/home/hmc/learngo/mit-6.5840-private/src/raft/raft.go:937 +0x26e
created by 6.5840/raft.Make in goroutine 6
	/home/hmc/learngo/mit-6.5840-private/src/raft/raft.go:1073 +0x376

goroutine 13 [chan receive, 9 minutes]:
6.5840/shardctrler.(*ShardCtrler).applier(0xc000078660)
	/home/hmc/learngo/mit-6.5840-private/src/shardctrler/server.go:275 +0x6a
created by 6.5840/shardctrler.StartServer in goroutine 6
	/home/hmc/learngo/mit-6.5840-private/src/shardctrler/server.go:561 +0x2e5

goroutine 81509 [sync.Cond.Wait, 9 minutes]:
sync.runtime_notifyListWait(0xc0000cbe70, 0x1a9)
	/usr/local/go/src/runtime/sema.go:597 +0x159
sync.(*Cond).Wait(0xc00175bef0?)
	/usr/local/go/src/sync/cond.go:71 +0x85
6.5840/raft.(*Raft).applyLog(0xc0000cbe00)
	/home/hmc/learngo/mit-6.5840-private/src/raft/raft.go:937 +0x26e
created by 6.5840/raft.Make in goroutine 81439
	/home/hmc/learngo/mit-6.5840-private/src/raft/raft.go:1073 +0x376

goroutine 15 [sync.Cond.Wait, 9 minutes]:
sync.runtime_notifyListWait(0xc0001642f0, 0x2c)
	/usr/local/go/src/runtime/sema.go:597 +0x159
sync.(*Cond).Wait(0xc000138cd0?)
	/usr/local/go/src/sync/cond.go:71 +0x85
6.5840/raft.(*Raft).applyLog(0xc000164280)
	/home/hmc/learngo/mit-6.5840-private/src/raft/raft.go:937 +0x26e
created by 6.5840/raft.Make in goroutine 6
	/home/hmc/learngo/mit-6.5840-private/src/raft/raft.go:1073 +0x376

goroutine 16 [chan receive, 9 minutes]:
6.5840/shardctrler.(*ShardCtrler).applier(0xc000078780)
	/home/hmc/learngo/mit-6.5840-private/src/shardctrler/server.go:275 +0x6a
created by 6.5840/shardctrler.StartServer in goroutine 6
	/home/hmc/learngo/mit-6.5840-private/src/shardctrler/server.go:561 +0x2e5

goroutine 42730 [sync.Cond.Wait, 9 minutes]:
sync.runtime_notifyListWait(0xc00066d330, 0x336)
	/usr/local/go/src/runtime/sema.go:597 +0x159
sync.(*Cond).Wait(0xc000277ef0?)
	/usr/local/go/src/sync/cond.go:71 +0x85
6.5840/raft.(*Raft).applyLog(0xc00066d2c0)
	/home/hmc/learngo/mit-6.5840-private/src/raft/raft.go:937 +0x26e
created by 6.5840/raft.Make in goroutine 42694
	/home/hmc/learngo/mit-6.5840-private/src/raft/raft.go:1073 +0x376

goroutine 18 [sync.Cond.Wait, 9 minutes]:
sync.runtime_notifyListWait(0xc000164430, 0x30)
	/usr/local/go/src/runtime/sema.go:597 +0x159
sync.(*Cond).Wait(0xc000138aa0?)
	/usr/local/go/src/sync/cond.go:71 +0x85
6.5840/raft.(*Raft).applyLog(0xc0001643c0)
	/home/hmc/learngo/mit-6.5840-private/src/raft/raft.go:937 +0x26e
created by 6.5840/raft.Make in goroutine 6
	/home/hmc/learngo/mit-6.5840-private/src/raft/raft.go:1073 +0x376

goroutine 19 [chan receive, 9 minutes]:
6.5840/shardkv.(*ShardKV).applier(0xc000162360)
	/home/hmc/learngo/mit-6.5840-private/src/shardkv/server.go:408 +0x6a
created by 6.5840/shardkv.StartServer in goroutine 6
	/home/hmc/learngo/mit-6.5840-private/src/shardkv/server.go:797 +0x456

goroutine 270809 [sync.Cond.Wait, 9 minutes]:
sync.runtime_notifyListWait(0xc004a53ab0, 0x42)
	/usr/local/go/src/runtime/sema.go:597 +0x159
sync.(*Cond).Wait(0xc0050baa00?)
	/usr/local/go/src/sync/cond.go:71 +0x85
6.5840/raft.(*Raft).applyLog(0xc004a53a40)
	/home/hmc/learngo/mit-6.5840-private/src/raft/raft.go:937 +0x26e
created by 6.5840/raft.Make in goroutine 81439
	/home/hmc/learngo/mit-6.5840-private/src/raft/raft.go:1073 +0x376

goroutine 545496 [chan receive, 9 minutes]:
6.5840/shardkv.(*ShardKV).PutAppend(0xc0014699e0, 0xc0049b9100, 0xc007b989b0)
	/home/hmc/learngo/mit-6.5840-private/src/shardkv/server.go:204 +0x2e5
reflect.Value.call({0xc000139310?, 0xc002a004c8?, 0xc0006b9b18?}, {0x6aef4f, 0x4}, {0xc0006b9d20, 0x3, 0xc0006b9b48?})
	/usr/local/go/src/reflect/value.go:581 +0xca6
reflect.Value.Call({0xc000139310?, 0xc002a004c8?, 0xc0060e3c88?}, {0xc0006b9d20?, 0x475657?, 0x43a947?})
	/usr/local/go/src/reflect/value.go:365 +0xb9
6.5840/labrpc.(*Service).dispatch(0xc006c388c0, {0x6b2547, 0x9}, {{0x656d80, 0xc007b983f0}, {0x6b253f, 0x11}, {0x71b0f8, 0x64c8a0}, {0xc003861d60, ...}, ...})
	/home/hmc/learngo/mit-6.5840-private/src/labrpc/labrpc.go:506 +0x35f
6.5840/labrpc.(*Server).dispatch(0xc0024babe8, {{0x656d80, 0xc007b983f0}, {0x6b253f, 0x11}, {0x71b0f8, 0x64c8a0}, {0xc003861d60, 0x98, 0xa0}, ...})
	/home/hmc/learngo/mit-6.5840-private/src/labrpc/labrpc.go:430 +0x1e5
6.5840/labrpc.(*Network).processReq.func1()
	/home/hmc/learngo/mit-6.5840-private/src/labrpc/labrpc.go:240 +0x3f
created by 6.5840/labrpc.(*Network).processReq in goroutine 545495
	/home/hmc/learngo/mit-6.5840-private/src/labrpc/labrpc.go:239 +0x1d0

goroutine 706816 [chan receive, 9 minutes]:
6.5840/labrpc.(*Network).processReq.func2()
	/home/hmc/learngo/mit-6.5840-private/src/labrpc/labrpc.go:258 +0x19
created by 6.5840/labrpc.(*Network).processReq in goroutine 706661
	/home/hmc/learngo/mit-6.5840-private/src/labrpc/labrpc.go:257 +0x48f

goroutine 30770 [sync.Cond.Wait, 9 minutes]:
sync.runtime_notifyListWait(0xc00066c1b0, 0x133)
	/usr/local/go/src/runtime/sema.go:597 +0x159
sync.(*Cond).Wait(0xc00022a6f0?)
	/usr/local/go/src/sync/cond.go:71 +0x85
6.5840/raft.(*Raft).applyLog(0xc00066c140)
	/home/hmc/learngo/mit-6.5840-private/src/raft/raft.go:937 +0x26e
created by 6.5840/raft.Make in goroutine 16536
	/home/hmc/learngo/mit-6.5840-private/src/raft/raft.go:1073 +0x376

goroutine 24 [sync.Cond.Wait, 9 minutes]:
sync.runtime_notifyListWait(0xc000164570, 0x30)
	/usr/local/go/src/runtime/sema.go:597 +0x159
sync.(*Cond).Wait(0xc000178ef0?)
	/usr/local/go/src/sync/cond.go:71 +0x85
6.5840/raft.(*Raft).applyLog(0xc000164500)
	/home/hmc/learngo/mit-6.5840-private/src/raft/raft.go:937 +0x26e
created by 6.5840/raft.Make in goroutine 6
	/home/hmc/learngo/mit-6.5840-private/src/raft/raft.go:1073 +0x376

goroutine 25 [chan receive, 9 minutes]:
6.5840/shardkv.(*ShardKV).applier(0xc000162480)
	/home/hmc/learngo/mit-6.5840-private/src/shardkv/server.go:408 +0x6a
created by 6.5840/shardkv.StartServer in goroutine 6
	/home/hmc/learngo/mit-6.5840-private/src/shardkv/server.go:797 +0x456

goroutine 2905 [chan receive, 9 minutes]:
6.5840/shardkv.(*ShardKV).applier(0xc0003207e0)
	/home/hmc/learngo/mit-6.5840-private/src/shardkv/server.go:408 +0x6a
created by 6.5840/shardkv.StartServer in goroutine 2892
	/home/hmc/learngo/mit-6.5840-private/src/shardkv/server.go:797 +0x456

goroutine 124037 [sync.Cond.Wait, 9 minutes]:
sync.runtime_notifyListWait(0xc0003e51f0, 0x3d7)
	/usr/local/go/src/runtime/sema.go:597 +0x159
sync.(*Cond).Wait(0xc004a53540?)
	/usr/local/go/src/sync/cond.go:71 +0x85
6.5840/raft.(*Raft).applyLog(0xc0003e5180)
	/home/hmc/learngo/mit-6.5840-private/src/raft/raft.go:937 +0x26e
created by 6.5840/raft.Make in goroutine 81439
	/home/hmc/learngo/mit-6.5840-private/src/raft/raft.go:1073 +0x376

goroutine 2904 [sync.Cond.Wait, 9 minutes]:
sync.runtime_notifyListWait(0xc000165330, 0xd4)
	/usr/local/go/src/runtime/sema.go:597 +0x159
sync.(*Cond).Wait(0xc000225ef0?)
	/usr/local/go/src/sync/cond.go:71 +0x85
6.5840/raft.(*Raft).applyLog(0xc0001652c0)
	/home/hmc/learngo/mit-6.5840-private/src/raft/raft.go:937 +0x26e
created by 6.5840/raft.Make in goroutine 2892
	/home/hmc/learngo/mit-6.5840-private/src/raft/raft.go:1073 +0x376

goroutine 30 [sync.Cond.Wait, 9 minutes]:
sync.runtime_notifyListWait(0xc0001646b0, 0x46)
	/usr/local/go/src/runtime/sema.go:597 +0x159
sync.(*Cond).Wait(0xc000164640?)
	/usr/local/go/src/sync/cond.go:71 +0x85
6.5840/raft.(*Raft).applyLog(0xc000164640)
	/home/hmc/learngo/mit-6.5840-private/src/raft/raft.go:937 +0x26e
created by 6.5840/raft.Make in goroutine 6
	/home/hmc/learngo/mit-6.5840-private/src/raft/raft.go:1073 +0x376

goroutine 31 [chan receive, 9 minutes]:
6.5840/shardkv.(*ShardKV).applier(0xc0001625a0)
	/home/hmc/learngo/mit-6.5840-private/src/shardkv/server.go:408 +0x6a
created by 6.5840/shardkv.StartServer in goroutine 6
	/home/hmc/learngo/mit-6.5840-private/src/shardkv/server.go:797 +0x456

goroutine 82207 [select]:
6.5840/shardctrler.(*Clerk).makeCall(0xc001721c80, 0x2, {0x6b29e5, 0x11}, {0x64fba0, 0xc0009d80a8}, {0x64fce0, 0xc002034100})
	/home/hmc/learngo/mit-6.5840-private/src/shardctrler/client.go:169 +0x178
6.5840/shardctrler.(*Clerk).Query(0xc001721c80, 0xffffffffffffffff)
	/home/hmc/learngo/mit-6.5840-private/src/shardctrler/client.go:54 +0xfd
6.5840/shardkv.(*Clerk).PutAppend(0xc0003aa500, {0x6b9e33, 0x1}, {0xc002b384c0, 0x1}, {0x6af26a, 0x6})
	/home/hmc/learngo/mit-6.5840-private/src/shardkv/client.go:128 +0x1e5
6.5840/shardkv.(*Clerk).Append(...)
	/home/hmc/learngo/mit-6.5840-private/src/shardkv/client.go:136
6.5840/shardkv.TestConcurrent3_5B.func1(0x1, 0xc0003aa500)
	/home/hmc/learngo/mit-6.5840-private/src/shardkv/test_test.go:583 +0x132
created by 6.5840/shardkv.TestConcurrent3_5B in goroutine 81439
	/home/hmc/learngo/mit-6.5840-private/src/shardkv/test_test.go:590 +0x317

goroutine 677545 [chan receive, 9 minutes]:
6.5840/shardkv.(*ShardKV).applier(0xc00a1145a0)
	/home/hmc/learngo/mit-6.5840-private/src/shardkv/server.go:408 +0x6a
created by 6.5840/shardkv.StartServer in goroutine 81439
	/home/hmc/learngo/mit-6.5840-private/src/shardkv/server.go:797 +0x456

goroutine 767245 [chan receive, 9 minutes]:
6.5840/shardkv.(*ShardKV).PutAppend(0xc004932240, 0xc0089f9940, 0xc00aa30490)
	/home/hmc/learngo/mit-6.5840-private/src/shardkv/server.go:204 +0x2e5
reflect.Value.call({0xc000139310?, 0xc0027e5790?, 0xc00a337b18?}, {0x6aef4f, 0x4}, {0xc00a337d20, 0x3, 0xc00a337b48?})
	/usr/local/go/src/reflect/value.go:581 +0xca6
reflect.Value.Call({0xc000139310?, 0xc0027e5790?, 0xc002ca58b0?}, {0xc00a337d20?, 0x475657?, 0x43a947?})
	/usr/local/go/src/reflect/value.go:365 +0xb9
6.5840/labrpc.(*Service).dispatch(0xc008155a40, {0x6b2547, 0x9}, {{0x656d80, 0xc006e3c7a0}, {0x6b253f, 0x11}, {0x71b0f8, 0x64c8a0}, {0xc00525f040, ...}, ...})
	/home/hmc/learngo/mit-6.5840-private/src/labrpc/labrpc.go:506 +0x35f
6.5840/labrpc.(*Server).dispatch(0xc002424c60, {{0x656d80, 0xc006e3c7a0}, {0x6b253f, 0x11}, {0x71b0f8, 0x64c8a0}, {0xc00525f040, 0x98, 0xa0}, ...})
	/home/hmc/learngo/mit-6.5840-private/src/labrpc/labrpc.go:430 +0x1e5
6.5840/labrpc.(*Network).processReq.func1()
	/home/hmc/learngo/mit-6.5840-private/src/labrpc/labrpc.go:240 +0x3f
created by 6.5840/labrpc.(*Network).processReq in goroutine 767271
	/home/hmc/learngo/mit-6.5840-private/src/labrpc/labrpc.go:239 +0x1d0

goroutine 36 [sync.Cond.Wait, 9 minutes]:
sync.runtime_notifyListWait(0xc0001647f0, 0xf)
	/usr/local/go/src/runtime/sema.go:597 +0x159
sync.(*Cond).Wait(0xc000204ef0?)
	/usr/local/go/src/sync/cond.go:71 +0x85
6.5840/raft.(*Raft).applyLog(0xc000164780)
	/home/hmc/learngo/mit-6.5840-private/src/raft/raft.go:937 +0x26e
created by 6.5840/raft.Make in goroutine 6
	/home/hmc/learngo/mit-6.5840-private/src/raft/raft.go:1073 +0x376

goroutine 37 [chan receive, 9 minutes]:
6.5840/shardkv.(*ShardKV).applier(0xc0001626c0)
	/home/hmc/learngo/mit-6.5840-private/src/shardkv/server.go:408 +0x6a
created by 6.5840/shardkv.StartServer in goroutine 6
	/home/hmc/learngo/mit-6.5840-private/src/shardkv/server.go:797 +0x456

goroutine 81516 [sync.Cond.Wait, 9 minutes]:
sync.runtime_notifyListWait(0xc0003e4070, 0x191)
	/usr/local/go/src/runtime/sema.go:597 +0x159
sync.(*Cond).Wait(0xc000000aa0?)
	/usr/local/go/src/sync/cond.go:71 +0x85
6.5840/raft.(*Raft).applyLog(0xc0003e4000)
	/home/hmc/learngo/mit-6.5840-private/src/raft/raft.go:937 +0x26e
created by 6.5840/raft.Make in goroutine 81439
	/home/hmc/learngo/mit-6.5840-private/src/raft/raft.go:1073 +0x376

goroutine 124015 [chan receive, 9 minutes]:
6.5840/shardkv.(*ShardKV).applier(0xc0016e50e0)
	/home/hmc/learngo/mit-6.5840-private/src/shardkv/server.go:408 +0x6a
created by 6.5840/shardkv.StartServer in goroutine 81439
	/home/hmc/learngo/mit-6.5840-private/src/shardkv/server.go:797 +0x456

goroutine 767340 [sync.Cond.Wait, 9 minutes]:
sync.runtime_notifyListWait(0xc005043d30, 0x0)
	/usr/local/go/src/runtime/sema.go:597 +0x159
sync.(*Cond).Wait(0x656d80?)
	/usr/local/go/src/sync/cond.go:71 +0x85
6.5840/raft.(*Raft).applyLog(0xc005043cc0)
	/home/hmc/learngo/mit-6.5840-private/src/raft/raft.go:937 +0x26e
created by 6.5840/raft.Make in goroutine 81439
	/home/hmc/learngo/mit-6.5840-private/src/raft/raft.go:1073 +0x376

goroutine 42 [sync.Cond.Wait, 9 minutes]:
sync.runtime_notifyListWait(0xc000164930, 0xe)
	/usr/local/go/src/runtime/sema.go:597 +0x159
sync.(*Cond).Wait(0xc000207ef0?)
	/usr/local/go/src/sync/cond.go:71 +0x85
6.5840/raft.(*Raft).applyLog(0xc0001648c0)
	/home/hmc/learngo/mit-6.5840-private/src/raft/raft.go:937 +0x26e
created by 6.5840/raft.Make in goroutine 6
	/home/hmc/learngo/mit-6.5840-private/src/raft/raft.go:1073 +0x376

goroutine 43 [chan receive, 9 minutes]:
6.5840/shardkv.(*ShardKV).applier(0xc0001627e0)
	/home/hmc/learngo/mit-6.5840-private/src/shardkv/server.go:408 +0x6a
created by 6.5840/shardkv.StartServer in goroutine 6
	/home/hmc/learngo/mit-6.5840-private/src/shardkv/server.go:797 +0x456

goroutine 16539 [sync.Cond.Wait, 9 minutes]:
sync.runtime_notifyListWait(0xc0000ca070, 0xee)
	/usr/local/go/src/runtime/sema.go:597 +0x159
sync.(*Cond).Wait(0xc00027bef0?)
	/usr/local/go/src/sync/cond.go:71 +0x85
6.5840/raft.(*Raft).applyLog(0xc0000ca000)
	/home/hmc/learngo/mit-6.5840-private/src/raft/raft.go:937 +0x26e
created by 6.5840/raft.Make in goroutine 16536
	/home/hmc/learngo/mit-6.5840-private/src/raft/raft.go:1073 +0x376

goroutine 16282 [sync.Cond.Wait, 9 minutes]:
sync.runtime_notifyListWait(0xc0004efe70, 0x4)
	/usr/local/go/src/runtime/sema.go:597 +0x159
sync.(*Cond).Wait(0xc00061fef0?)
	/usr/local/go/src/sync/cond.go:71 +0x85
6.5840/raft.(*Raft).applyLog(0xc0004efe00)
	/home/hmc/learngo/mit-6.5840-private/src/raft/raft.go:937 +0x26e
created by 6.5840/raft.Make in goroutine 8227
	/home/hmc/learngo/mit-6.5840-private/src/raft/raft.go:1073 +0x376

goroutine 48 [sync.Cond.Wait, 9 minutes]:
sync.runtime_notifyListWait(0xc000164a70, 0x12)
	/usr/local/go/src/runtime/sema.go:597 +0x159
sync.(*Cond).Wait(0xc000202ef0?)
	/usr/local/go/src/sync/cond.go:71 +0x85
6.5840/raft.(*Raft).applyLog(0xc000164a00)
	/home/hmc/learngo/mit-6.5840-private/src/raft/raft.go:937 +0x26e
created by 6.5840/raft.Make in goroutine 6
	/home/hmc/learngo/mit-6.5840-private/src/raft/raft.go:1073 +0x376

goroutine 49 [chan receive, 9 minutes]:
6.5840/shardkv.(*ShardKV).applier(0xc000162900)
	/home/hmc/learngo/mit-6.5840-private/src/shardkv/server.go:408 +0x6a
created by 6.5840/shardkv.StartServer in goroutine 6
	/home/hmc/learngo/mit-6.5840-private/src/shardkv/server.go:797 +0x456

goroutine 75573 [chan receive, 9 minutes]:
6.5840/shardkv.(*ShardKV).applier(0xc00098fe60)
	/home/hmc/learngo/mit-6.5840-private/src/shardkv/server.go:408 +0x6a
created by 6.5840/shardkv.StartServer in goroutine 42694
	/home/hmc/learngo/mit-6.5840-private/src/shardkv/server.go:797 +0x456

goroutine 767251 [chan receive, 9 minutes]:
6.5840/shardkv.(*ShardKV).PutAppend(0xc001468360, 0xc00bc5a600, 0xc006bc0340)
	/home/hmc/learngo/mit-6.5840-private/src/shardkv/server.go:204 +0x2e5
reflect.Value.call({0xc000139310?, 0xc0055a8f58?, 0xc00a333b18?}, {0x6aef4f, 0x4}, {0xc00a333d20, 0x3, 0xc00a333b48?})
	/usr/local/go/src/reflect/value.go:581 +0xca6
reflect.Value.Call({0xc000139310?, 0xc0055a8f58?, 0xc00b41cc60?}, {0xc00a333d20?, 0x475657?, 0x43a947?})
	/usr/local/go/src/reflect/value.go:365 +0xb9
6.5840/labrpc.(*Service).dispatch(0xc004f5a840, {0x6b2547, 0x9}, {{0x656d80, 0xc0081f19a0}, {0x6b253f, 0x11}, {0x71b0f8, 0x64c8a0}, {0xc00399b9a0, ...}, ...})
	/home/hmc/learngo/mit-6.5840-private/src/labrpc/labrpc.go:506 +0x35f
6.5840/labrpc.(*Server).dispatch(0xc00137e930, {{0x656d80, 0xc0081f19a0}, {0x6b253f, 0x11}, {0x71b0f8, 0x64c8a0}, {0xc00399b9a0, 0x98, 0xa0}, ...})
	/home/hmc/learngo/mit-6.5840-private/src/labrpc/labrpc.go:430 +0x1e5
6.5840/labrpc.(*Network).processReq.func1()
	/home/hmc/learngo/mit-6.5840-private/src/labrpc/labrpc.go:240 +0x3f
created by 6.5840/labrpc.(*Network).processReq in goroutine 767250
	/home/hmc/learngo/mit-6.5840-private/src/labrpc/labrpc.go:239 +0x1d0

goroutine 81489 [chan receive, 9 minutes]:
6.5840/shardkv.(*ShardKV).applier(0xc000a9b200)
	/home/hmc/learngo/mit-6.5840-private/src/shardkv/server.go:408 +0x6a
created by 6.5840/shardkv.StartServer in goroutine 81439
	/home/hmc/learngo/mit-6.5840-private/src/shardkv/server.go:797 +0x456

goroutine 426336 [sync.Cond.Wait, 9 minutes]:
sync.runtime_notifyListWait(0xc0003e55b0, 0x2ab)
	/usr/local/go/src/runtime/sema.go:597 +0x159
sync.(*Cond).Wait(0xc003294ef0?)
	/usr/local/go/src/sync/cond.go:71 +0x85
6.5840/raft.(*Raft).applyLog(0xc0003e5540)
	/home/hmc/learngo/mit-6.5840-private/src/raft/raft.go:937 +0x26e
created by 6.5840/raft.Make in goroutine 81439
	/home/hmc/learngo/mit-6.5840-private/src/raft/raft.go:1073 +0x376

goroutine 54 [sync.Cond.Wait, 9 minutes]:
sync.runtime_notifyListWait(0xc000164bb0, 0x3)
	/usr/local/go/src/runtime/sema.go:597 +0x159
sync.(*Cond).Wait(0xc000215ef0?)
	/usr/local/go/src/sync/cond.go:71 +0x85
6.5840/raft.(*Raft).applyLog(0xc000164b40)
	/home/hmc/learngo/mit-6.5840-private/src/raft/raft.go:937 +0x26e
created by 6.5840/raft.Make in goroutine 6
	/home/hmc/learngo/mit-6.5840-private/src/raft/raft.go:1073 +0x376

goroutine 55 [chan receive, 9 minutes]:
6.5840/shardkv.(*ShardKV).applier(0xc000162a20)
	/home/hmc/learngo/mit-6.5840-private/src/shardkv/server.go:408 +0x6a
created by 6.5840/shardkv.StartServer in goroutine 6
	/home/hmc/learngo/mit-6.5840-private/src/shardkv/server.go:797 +0x456

goroutine 16592 [sync.Cond.Wait, 9 minutes]:
sync.runtime_notifyListWait(0xc0000caa70, 0x11e)
	/usr/local/go/src/runtime/sema.go:597 +0x159
sync.(*Cond).Wait(0xc000139540?)
	/usr/local/go/src/sync/cond.go:71 +0x85
6.5840/raft.(*Raft).applyLog(0xc0000caa00)
	/home/hmc/learngo/mit-6.5840-private/src/raft/raft.go:937 +0x26e
created by 6.5840/raft.Make in goroutine 16536
	/home/hmc/learngo/mit-6.5840-private/src/raft/raft.go:1073 +0x376

goroutine 8295 [chan receive, 9 minutes]:
6.5840/shardkv.(*ShardKV).applier(0xc000516fc0)
	/home/hmc/learngo/mit-6.5840-private/src/shardkv/server.go:408 +0x6a
created by 6.5840/shardkv.StartServer in goroutine 8227
	/home/hmc/learngo/mit-6.5840-private/src/shardkv/server.go:797 +0x456

goroutine 7724 [sync.Cond.Wait, 9 minutes]:
sync.runtime_notifyListWait(0xc0004ee070, 0x8)
	/usr/local/go/src/runtime/sema.go:597 +0x159
sync.(*Cond).Wait(0xc000629ef0?)
	/usr/local/go/src/sync/cond.go:71 +0x85
6.5840/raft.(*Raft).applyLog(0xc0004ee000)
	/home/hmc/learngo/mit-6.5840-private/src/raft/raft.go:937 +0x26e
created by 6.5840/raft.Make in goroutine 2892
	/home/hmc/learngo/mit-6.5840-private/src/raft/raft.go:1073 +0x376

goroutine 60 [sync.Cond.Wait, 9 minutes]:
sync.runtime_notifyListWait(0xc000164cf0, 0x3)
	/usr/local/go/src/runtime/sema.go:597 +0x159
sync.(*Cond).Wait(0xc000210ef0?)
	/usr/local/go/src/sync/cond.go:71 +0x85
6.5840/raft.(*Raft).applyLog(0xc000164c80)
	/home/hmc/learngo/mit-6.5840-private/src/raft/raft.go:937 +0x26e
created by 6.5840/raft.Make in goroutine 6
	/home/hmc/learngo/mit-6.5840-private/src/raft/raft.go:1073 +0x376

goroutine 61 [chan receive, 9 minutes]:
6.5840/shardkv.(*ShardKV).applier(0xc000162b40)
	/home/hmc/learngo/mit-6.5840-private/src/shardkv/server.go:408 +0x6a
created by 6.5840/shardkv.StartServer in goroutine 6
	/home/hmc/learngo/mit-6.5840-private/src/shardkv/server.go:797 +0x456

goroutine 545636 [sync.Mutex.Lock, 9 minutes]:
internal/sync.runtime_SemacquireMutex(0x71b0f8?, 0x80?, 0xc000036008?)
	/usr/local/go/src/runtime/sema.go:95 +0x25
internal/sync.(*Mutex).lockSlow(0xc0014699e0)
	/usr/local/go/src/internal/sync/mutex.go:149 +0x15d
internal/sync.(*Mutex).Lock(...)
	/usr/local/go/src/internal/sync/mutex.go:70
sync.(*Mutex).Lock(...)
	/usr/local/go/src/sync/mutex.go:46
6.5840/shardkv.(*ShardKV).PutAppend(0xc0014699e0, 0xc0051edf40, 0xc008307020)
	/home/hmc/learngo/mit-6.5840-private/src/shardkv/server.go:181 +0xf5
reflect.Value.call({0xc000139310?, 0xc002a004c8?, 0xc002275b18?}, {0x6aef4f, 0x4}, {0xc002275d20, 0x3, 0xc002275b48?})
	/usr/local/go/src/reflect/value.go:581 +0xca6
reflect.Value.Call({0xc000139310?, 0xc002a004c8?, 0xc006b16be0?}, {0xc002275d20?, 0x475657?, 0x43a947?})
	/usr/local/go/src/reflect/value.go:365 +0xb9
6.5840/labrpc.(*Service).dispatch(0xc006c388c0, {0x6b2547, 0x9}, {{0x656d80, 0xc004844430}, {0x6b253f, 0x11}, {0x71b0f8, 0x64c8a0}, {0xc004ce8dc0, ...}, ...})
	/home/hmc/learngo/mit-6.5840-private/src/labrpc/labrpc.go:506 +0x35f
6.5840/labrpc.(*Server).dispatch(0xc0024babe8, {{0x656d80, 0xc004844430}, {0x6b253f, 0x11}, {0x71b0f8, 0x64c8a0}, {0xc004ce8dc0, 0x98, 0xa0}, ...})
	/home/hmc/learngo/mit-6.5840-private/src/labrpc/labrpc.go:430 +0x1e5
6.5840/labrpc.(*Network).processReq.func1()
	/home/hmc/learngo/mit-6.5840-private/src/labrpc/labrpc.go:240 +0x3f
created by 6.5840/labrpc.(*Network).processReq in goroutine 545601
	/home/hmc/learngo/mit-6.5840-private/src/labrpc/labrpc.go:239 +0x1d0

goroutine 8230 [sync.Cond.Wait, 9 minutes]:
sync.runtime_notifyListWait(0xc0004eea70, 0xe6)
	/usr/local/go/src/runtime/sema.go:597 +0x159
sync.(*Cond).Wait(0xc0001766f0?)
	/usr/local/go/src/sync/cond.go:71 +0x85
6.5840/raft.(*Raft).applyLog(0xc0004eea00)
	/home/hmc/learngo/mit-6.5840-private/src/raft/raft.go:937 +0x26e
created by 6.5840/raft.Make in goroutine 8227
	/home/hmc/learngo/mit-6.5840-private/src/raft/raft.go:1073 +0x376

goroutine 270789 [chan receive, 9 minutes]:
6.5840/shardkv.(*ShardKV).applier(0xc004b22900)
	/home/hmc/learngo/mit-6.5840-private/src/shardkv/server.go:408 +0x6a
created by 6.5840/shardkv.StartServer in goroutine 81439
	/home/hmc/learngo/mit-6.5840-private/src/shardkv/server.go:797 +0x456

goroutine 8336 [sync.Cond.Wait, 9 minutes]:
sync.runtime_notifyListWait(0xc0004ef830, 0x2f)
	/usr/local/go/src/runtime/sema.go:597 +0x159
sync.(*Cond).Wait(0xc0005b2ef0?)
	/usr/local/go/src/sync/cond.go:71 +0x85
6.5840/raft.(*Raft).applyLog(0xc0004ef7c0)
	/home/hmc/learngo/mit-6.5840-private/src/raft/raft.go:937 +0x26e
created by 6.5840/raft.Make in goroutine 8227
	/home/hmc/learngo/mit-6.5840-private/src/raft/raft.go:1073 +0x376

goroutine 66 [sync.Cond.Wait, 9 minutes]:
sync.runtime_notifyListWait(0xc000164e30, 0x3)
	/usr/local/go/src/runtime/sema.go:597 +0x159
sync.(*Cond).Wait(0xc000213ef0?)
	/usr/local/go/src/sync/cond.go:71 +0x85
6.5840/raft.(*Raft).applyLog(0xc000164dc0)
	/home/hmc/learngo/mit-6.5840-private/src/raft/raft.go:937 +0x26e
created by 6.5840/raft.Make in goroutine 6
	/home/hmc/learngo/mit-6.5840-private/src/raft/raft.go:1073 +0x376

goroutine 67 [chan receive, 9 minutes]:
6.5840/shardkv.(*ShardKV).applier(0xc000162c60)
	/home/hmc/learngo/mit-6.5840-private/src/shardkv/server.go:408 +0x6a
created by 6.5840/shardkv.StartServer in goroutine 6
	/home/hmc/learngo/mit-6.5840-private/src/shardkv/server.go:797 +0x456

goroutine 16290 [chan receive, 9 minutes]:
6.5840/shardkv.(*ShardKV).applier(0xc0000b7b00)
	/home/hmc/learngo/mit-6.5840-private/src/shardkv/server.go:408 +0x6a
created by 6.5840/shardkv.StartServer in goroutine 8227
	/home/hmc/learngo/mit-6.5840-private/src/shardkv/server.go:797 +0x456

goroutine 426271 [sync.Cond.Wait, 9 minutes]:
sync.runtime_notifyListWait(0xc002ff9e70, 0x696)
	/usr/local/go/src/runtime/sema.go:597 +0x159
sync.(*Cond).Wait(0xc002ff9e00?)
	/usr/local/go/src/sync/cond.go:71 +0x85
6.5840/raft.(*Raft).applyLog(0xc002ff9e00)
	/home/hmc/learngo/mit-6.5840-private/src/raft/raft.go:937 +0x26e
created by 6.5840/raft.Make in goroutine 81439
	/home/hmc/learngo/mit-6.5840-private/src/raft/raft.go:1073 +0x376

goroutine 7718 [chan receive, 9 minutes]:
6.5840/shardkv.(*ShardKV).applier(0xc000452120)
	/home/hmc/learngo/mit-6.5840-private/src/shardkv/server.go:408 +0x6a
created by 6.5840/shardkv.StartServer in goroutine 2892
	/home/hmc/learngo/mit-6.5840-private/src/shardkv/server.go:797 +0x456

goroutine 12345 [chan receive, 9 minutes]:
6.5840/shardkv.(*ShardKV).applier(0xc0004c9560)
	/home/hmc/learngo/mit-6.5840-private/src/shardkv/server.go:408 +0x6a
created by 6.5840/shardkv.StartServer in goroutine 8227
	/home/hmc/learngo/mit-6.5840-private/src/shardkv/server.go:797 +0x456

goroutine 75572 [sync.Cond.Wait, 9 minutes]:
sync.runtime_notifyListWait(0xc0000cb830, 0xc)
	/usr/local/go/src/runtime/sema.go:597 +0x159
sync.(*Cond).Wait(0xc000576ef0?)
	/usr/local/go/src/sync/cond.go:71 +0x85
6.5840/raft.(*Raft).applyLog(0xc0000cb7c0)
	/home/hmc/learngo/mit-6.5840-private/src/raft/raft.go:937 +0x26e
created by 6.5840/raft.Make in goroutine 42694
	/home/hmc/learngo/mit-6.5840-private/src/raft/raft.go:1073 +0x376

goroutine 767352 [sync.Mutex.Lock]:
internal/sync.runtime_SemacquireMutex(0x600cf8?, 0x0?, 0x1000000000002?)
	/usr/local/go/src/runtime/sema.go:95 +0x25
internal/sync.(*Mutex).lockSlow(0xc009e610e0)
	/usr/local/go/src/internal/sync/mutex.go:149 +0x15d
internal/sync.(*Mutex).Lock(...)
	/usr/local/go/src/internal/sync/mutex.go:70
sync.(*Mutex).Lock(...)
	/usr/local/go/src/sync/mutex.go:46
6.5840/shardkv.(*ShardKV).tryGC(0xc009e610e0)
	/home/hmc/learngo/mit-6.5840-private/src/shardkv/server.go:370 +0x7c
created by 6.5840/shardkv.StartServer in goroutine 81439
	/home/hmc/learngo/mit-6.5840-private/src/shardkv/server.go:805 +0x565

goroutine 42697 [sync.Cond.Wait, 9 minutes]:
sync.runtime_notifyListWait(0xc00066ca70, 0x212)
	/usr/local/go/src/runtime/sema.go:597 +0x159
sync.(*Cond).Wait(0xc00065cef0?)
	/usr/local/go/src/sync/cond.go:71 +0x85
6.5840/raft.(*Raft).applyLog(0xc00066ca00)
	/home/hmc/learngo/mit-6.5840-private/src/raft/raft.go:937 +0x26e
created by 6.5840/raft.Make in goroutine 42694
	/home/hmc/learngo/mit-6.5840-private/src/raft/raft.go:1073 +0x376

goroutine 2918 [sync.Cond.Wait, 9 minutes]:
sync.runtime_notifyListWait(0xc0001655b0, 0x80)
	/usr/local/go/src/runtime/sema.go:597 +0x159
sync.(*Cond).Wait(0xc000054ef0?)
	/usr/local/go/src/sync/cond.go:71 +0x85
6.5840/raft.(*Raft).applyLog(0xc000165540)
	/home/hmc/learngo/mit-6.5840-private/src/raft/raft.go:937 +0x26e
created by 6.5840/raft.Make in goroutine 2892
	/home/hmc/learngo/mit-6.5840-private/src/raft/raft.go:1073 +0x376

goroutine 81481 [sync.Cond.Wait, 9 minutes]:
sync.runtime_notifyListWait(0xc0000cb970, 0x2bc)
	/usr/local/go/src/runtime/sema.go:597 +0x159
sync.(*Cond).Wait(0xc0009b8ef0?)
	/usr/local/go/src/sync/cond.go:71 +0x85
6.5840/raft.(*Raft).applyLog(0xc0000cb900)
	/home/hmc/learngo/mit-6.5840-private/src/raft/raft.go:937 +0x26e
created by 6.5840/raft.Make in goroutine 81439
	/home/hmc/learngo/mit-6.5840-private/src/raft/raft.go:1073 +0x376

goroutine 767372 [sleep]:
time.Sleep(0x5f5e100)
	/usr/local/go/src/runtime/time.go:338 +0x165
6.5840/shardkv.(*ShardKV).tryReqShardData(0xc00977c480)
	/home/hmc/learngo/mit-6.5840-private/src/shardkv/server.go:363 +0x31
created by 6.5840/shardkv.StartServer in goroutine 81439
	/home/hmc/learngo/mit-6.5840-private/src/shardkv/server.go:804 +0x525

goroutine 30777 [sync.Cond.Wait, 9 minutes]:
sync.runtime_notifyListWait(0xc00066c2f0, 0xf1)
	/usr/local/go/src/runtime/sema.go:597 +0x159
sync.(*Cond).Wait(0xc0002176f0?)
	/usr/local/go/src/sync/cond.go:71 +0x85
6.5840/raft.(*Raft).applyLog(0xc00066c280)
	/home/hmc/learngo/mit-6.5840-private/src/raft/raft.go:937 +0x26e
created by 6.5840/raft.Make in goroutine 16536
	/home/hmc/learngo/mit-6.5840-private/src/raft/raft.go:1073 +0x376

goroutine 2898 [sync.Cond.Wait, 9 minutes]:
sync.runtime_notifyListWait(0xc0001650b0, 0x6f)
	/usr/local/go/src/runtime/sema.go:597 +0x159
sync.(*Cond).Wait(0xc0001956f0?)
	/usr/local/go/src/sync/cond.go:71 +0x85
6.5840/raft.(*Raft).applyLog(0xc000165040)
	/home/hmc/learngo/mit-6.5840-private/src/raft/raft.go:937 +0x26e
created by 6.5840/raft.Make in goroutine 2892
	/home/hmc/learngo/mit-6.5840-private/src/raft/raft.go:1073 +0x376

goroutine 767364 [sync.Mutex.Lock]:
internal/sync.runtime_SemacquireMutex(0x600cf8?, 0x0?, 0x1000000000002?)
	/usr/local/go/src/runtime/sema.go:95 +0x25
internal/sync.(*Mutex).lockSlow(0xc00269c120)
	/usr/local/go/src/internal/sync/mutex.go:149 +0x15d
internal/sync.(*Mutex).Lock(...)
	/usr/local/go/src/internal/sync/mutex.go:70
sync.(*Mutex).Lock(...)
	/usr/local/go/src/sync/mutex.go:46
6.5840/shardkv.(*ShardKV).queryConfig(0xc00269c120)
	/home/hmc/learngo/mit-6.5840-private/src/shardkv/server.go:316 +0x6c
created by 6.5840/shardkv.StartServer in goroutine 81439
	/home/hmc/learngo/mit-6.5840-private/src/shardkv/server.go:803 +0x4e5

goroutine 7725 [chan receive, 9 minutes]:
6.5840/shardkv.(*ShardKV).applier(0xc0005a8000)
	/home/hmc/learngo/mit-6.5840-private/src/shardkv/server.go:408 +0x6a
created by 6.5840/shardkv.StartServer in goroutine 2892
	/home/hmc/learngo/mit-6.5840-private/src/shardkv/server.go:797 +0x456

goroutine 1552770 [runnable]:
6.5840/labrpc.(*ClientEnd).Call(0xc000a9dc00, {0x6b2a07?, 0x5?}, {0x64fd60, 0xc005d53e40}, {0x64fee0, 0xc0002b8030})
	/home/hmc/learngo/mit-6.5840-private/src/labrpc/labrpc.go:101 +0x1eb
6.5840/raft.(*Raft).sendApplyEntries(...)
	/home/hmc/learngo/mit-6.5840-private/src/raft/raft.go:544
6.5840/raft.(*Raft).sendApplyEntriesTo(0xc00066db80, 0x1, {0x1, 0x2, 0x6c08, 0x1, {0xc000c0e210, 0x7, 0x7}, 0x6c08})
	/home/hmc/learngo/mit-6.5840-private/src/raft/raft.go:709 +0x115
created by 6.5840/raft.(*Raft).sendHeartBeat in goroutine 81463
	/home/hmc/learngo/mit-6.5840-private/src/raft/raft.go:824 +0x4e5

goroutine 42712 [sync.Cond.Wait, 9 minutes]:
sync.runtime_notifyListWait(0xc00066cf70, 0x132)
	/usr/local/go/src/runtime/sema.go:597 +0x159
sync.(*Cond).Wait(0xc0005b5ef0?)
	/usr/local/go/src/sync/cond.go:71 +0x85
6.5840/raft.(*Raft).applyLog(0xc00066cf00)
	/home/hmc/learngo/mit-6.5840-private/src/raft/raft.go:937 +0x26e
created by 6.5840/raft.Make in goroutine 42694
	/home/hmc/learngo/mit-6.5840-private/src/raft/raft.go:1073 +0x376

goroutine 426417 [chan receive, 9 minutes]:
6.5840/labrpc.(*Network).processReq.func2()
	/home/hmc/learngo/mit-6.5840-private/src/labrpc/labrpc.go:258 +0x19
created by 6.5840/labrpc.(*Network).processReq in goroutine 426223
	/home/hmc/learngo/mit-6.5840-private/src/labrpc/labrpc.go:257 +0x48f

goroutine 7739 [chan receive, 9 minutes]:
6.5840/shardkv.(*ShardKV).applier(0xc0003ec5a0)
	/home/hmc/learngo/mit-6.5840-private/src/shardkv/server.go:408 +0x6a
created by 6.5840/shardkv.StartServer in goroutine 2892
	/home/hmc/learngo/mit-6.5840-private/src/shardkv/server.go:797 +0x456

goroutine 7746 [chan receive, 9 minutes]:
6.5840/shardkv.(*ShardKV).applier(0xc0003c57a0)
	/home/hmc/learngo/mit-6.5840-private/src/shardkv/server.go:408 +0x6a
created by 6.5840/shardkv.StartServer in goroutine 2892
	/home/hmc/learngo/mit-6.5840-private/src/shardkv/server.go:797 +0x456

goroutine 545682 [chan receive, 9 minutes]:
6.5840/shardkv.(*ShardKV).applier(0xc0012fb440)
	/home/hmc/learngo/mit-6.5840-private/src/shardkv/server.go:408 +0x6a
created by 6.5840/shardkv.StartServer in goroutine 81439
	/home/hmc/learngo/mit-6.5840-private/src/shardkv/server.go:797 +0x456

goroutine 12338 [chan receive, 9 minutes]:
6.5840/shardkv.(*ShardKV).applier(0xc0004c8fc0)
	/home/hmc/learngo/mit-6.5840-private/src/shardkv/server.go:408 +0x6a
created by 6.5840/shardkv.StartServer in goroutine 8227
	/home/hmc/learngo/mit-6.5840-private/src/shardkv/server.go:797 +0x456

goroutine 677559 [chan receive, 9 minutes]:
6.5840/shardkv.(*ShardKV).applier(0xc00a115320)
	/home/hmc/learngo/mit-6.5840-private/src/shardkv/server.go:408 +0x6a
created by 6.5840/shardkv.StartServer in goroutine 81439
	/home/hmc/learngo/mit-6.5840-private/src/shardkv/server.go:797 +0x456

goroutine 30771 [chan receive, 9 minutes]:
6.5840/shardkv.(*ShardKV).applier(0xc0009fb440)
	/home/hmc/learngo/mit-6.5840-private/src/shardkv/server.go:408 +0x6a
created by 6.5840/shardkv.StartServer in goroutine 16536
	/home/hmc/learngo/mit-6.5840-private/src/shardkv/server.go:797 +0x456

goroutine 545486 [chan receive, 9 minutes]:
6.5840/shardkv.(*ShardKV).PutAppend(0xc0014699e0, 0xc0067294c0, 0xc0089245f0)
	/home/hmc/learngo/mit-6.5840-private/src/shardkv/server.go:204 +0x2e5
reflect.Value.call({0xc000139310?, 0xc002a004c8?, 0xc00091bb18?}, {0x6aef4f, 0x4}, {0xc00091bd20, 0x3, 0xc00091bb48?})
	/usr/local/go/src/reflect/value.go:581 +0xca6
reflect.Value.Call({0xc000139310?, 0xc002a004c8?, 0xc005e7f608?}, {0xc00091bd20?, 0x475657?, 0x43a947?})
	/usr/local/go/src/reflect/value.go:365 +0xb9
6.5840/labrpc.(*Service).dispatch(0xc006c388c0, {0x6b2547, 0x9}, {{0x656d80, 0xc007f768b0}, {0x6b253f, 0x11}, {0x71b0f8, 0x64c8a0}, {0xc003861f40, ...}, ...})
	/home/hmc/learngo/mit-6.5840-private/src/labrpc/labrpc.go:506 +0x35f
6.5840/labrpc.(*Server).dispatch(0xc0024babe8, {{0x656d80, 0xc007f768b0}, {0x6b253f, 0x11}, {0x71b0f8, 0x64c8a0}, {0xc003861f40, 0x98, 0xa0}, ...})
	/home/hmc/learngo/mit-6.5840-private/src/labrpc/labrpc.go:430 +0x1e5
6.5840/labrpc.(*Network).processReq.func1()
	/home/hmc/learngo/mit-6.5840-private/src/labrpc/labrpc.go:240 +0x3f
created by 6.5840/labrpc.(*Network).processReq in goroutine 545485
	/home/hmc/learngo/mit-6.5840-private/src/labrpc/labrpc.go:239 +0x1d0

goroutine 677572 [sync.Cond.Wait, 9 minutes]:
sync.runtime_notifyListWait(0xc00a22c070, 0xad)
	/usr/local/go/src/runtime/sema.go:597 +0x159
sync.(*Cond).Wait(0xc004483540?)
	/usr/local/go/src/sync/cond.go:71 +0x85
6.5840/raft.(*Raft).applyLog(0xc00a22c000)
	/home/hmc/learngo/mit-6.5840-private/src/raft/raft.go:937 +0x26e
created by 6.5840/raft.Make in goroutine 81439
	/home/hmc/learngo/mit-6.5840-private/src/raft/raft.go:1073 +0x376

goroutine 75484 [sync.Cond.Wait, 9 minutes]:
sync.runtime_notifyListWait(0xc0000cb330, 0x9d)
	/usr/local/go/src/runtime/sema.go:597 +0x159
sync.(*Cond).Wait(0xc001a95ef0?)
	/usr/local/go/src/sync/cond.go:71 +0x85
6.5840/raft.(*Raft).applyLog(0xc0000cb2c0)
	/home/hmc/learngo/mit-6.5840-private/src/raft/raft.go:937 +0x26e
created by 6.5840/raft.Make in goroutine 42694
	/home/hmc/learngo/mit-6.5840-private/src/raft/raft.go:1073 +0x376

goroutine 2919 [chan receive, 9 minutes]:
6.5840/shardkv.(*ShardKV).applier(0xc000320a20)
	/home/hmc/learngo/mit-6.5840-private/src/shardkv/server.go:408 +0x6a
created by 6.5840/shardkv.StartServer in goroutine 2892
	/home/hmc/learngo/mit-6.5840-private/src/shardkv/server.go:797 +0x456

goroutine 81510 [chan receive, 9 minutes]:
6.5840/shardkv.(*ShardKV).applier(0xc000a9b680)
	/home/hmc/learngo/mit-6.5840-private/src/shardkv/server.go:408 +0x6a
created by 6.5840/shardkv.StartServer in goroutine 81439
	/home/hmc/learngo/mit-6.5840-private/src/shardkv/server.go:797 +0x456

goroutine 8239 [sync.Cond.Wait, 9 minutes]:
sync.runtime_notifyListWait(0xc0004eef70, 0xb)
	/usr/local/go/src/runtime/sema.go:597 +0x159
sync.(*Cond).Wait(0xc0001df2c0?)
	/usr/local/go/src/sync/cond.go:71 +0x85
6.5840/raft.(*Raft).applyLog(0xc0004eef00)
	/home/hmc/learngo/mit-6.5840-private/src/raft/raft.go:937 +0x26e
created by 6.5840/raft.Make in goroutine 8227
	/home/hmc/learngo/mit-6.5840-private/src/raft/raft.go:1073 +0x376

goroutine 7732 [chan receive, 9 minutes]:
6.5840/shardkv.(*ShardKV).applier(0xc0005a9680)
	/home/hmc/learngo/mit-6.5840-private/src/shardkv/server.go:408 +0x6a
created by 6.5840/shardkv.StartServer in goroutine 2892
	/home/hmc/learngo/mit-6.5840-private/src/shardkv/server.go:797 +0x456

goroutine 2912 [chan receive, 9 minutes]:
6.5840/shardkv.(*ShardKV).applier(0xc000320900)
	/home/hmc/learngo/mit-6.5840-private/src/shardkv/server.go:408 +0x6a
created by 6.5840/shardkv.StartServer in goroutine 2892
	/home/hmc/learngo/mit-6.5840-private/src/shardkv/server.go:797 +0x456

goroutine 270725 [chan receive, 9 minutes]:
6.5840/shardkv.(*ShardKV).PutAppend(0xc0023538c0, 0xc00188dd00, 0xc005587dd0)
	/home/hmc/learngo/mit-6.5840-private/src/shardkv/server.go:204 +0x2e5
reflect.Value.call({0xc000139310?, 0xc001748c48?, 0xc0027f9b18?}, {0x6aef4f, 0x4}, {0xc0027f9d20, 0x3, 0xc0027f9b48?})
	/usr/local/go/src/reflect/value.go:581 +0xca6
reflect.Value.Call({0xc000139310?, 0xc001748c48?, 0xc000cd6388?}, {0xc0027f9d20?, 0x475657?, 0x43a947?})
	/usr/local/go/src/reflect/value.go:365 +0xb9
6.5840/labrpc.(*Service).dispatch(0xc002ca9980, {0x6b2547, 0x9}, {{0x656d80, 0xc005587bb0}, {0x6b253f, 0x11}, {0x71b0f8, 0x64c8a0}, {0xc005243ea0, ...}, ...})
	/home/hmc/learngo/mit-6.5840-private/src/labrpc/labrpc.go:506 +0x35f
6.5840/labrpc.(*Server).dispatch(0xc002c2b230, {{0x656d80, 0xc005587bb0}, {0x6b253f, 0x11}, {0x71b0f8, 0x64c8a0}, {0xc005243ea0, 0x98, 0xa0}, ...})
	/home/hmc/learngo/mit-6.5840-private/src/labrpc/labrpc.go:430 +0x1e5
6.5840/labrpc.(*Network).processReq.func1()
	/home/hmc/learngo/mit-6.5840-private/src/labrpc/labrpc.go:240 +0x3f
created by 6.5840/labrpc.(*Network).processReq in goroutine 270724
	/home/hmc/learngo/mit-6.5840-private/src/labrpc/labrpc.go:239 +0x1d0

goroutine 42704 [chan receive, 9 minutes]:
6.5840/shardctrler.(*ShardCtrler).applier(0xc00042f080)
	/home/hmc/learngo/mit-6.5840-private/src/shardctrler/server.go:275 +0x6a
created by 6.5840/shardctrler.StartServer in goroutine 42694
	/home/hmc/learngo/mit-6.5840-private/src/shardctrler/server.go:561 +0x2e5

goroutine 42703 [sync.Cond.Wait, 9 minutes]:
sync.runtime_notifyListWait(0xc00066ccf0, 0x230)
	/usr/local/go/src/runtime/sema.go:597 +0x159
sync.(*Cond).Wait(0xc000628ef0?)
	/usr/local/go/src/sync/cond.go:71 +0x85
6.5840/raft.(*Raft).applyLog(0xc00066cc80)
	/home/hmc/learngo/mit-6.5840-private/src/raft/raft.go:937 +0x26e
created by 6.5840/raft.Make in goroutine 42694
	/home/hmc/learngo/mit-6.5840-private/src/raft/raft.go:1073 +0x376

goroutine 7731 [sync.Cond.Wait, 9 minutes]:
sync.runtime_notifyListWait(0xc0004ee1b0, 0x9)
	/usr/local/go/src/runtime/sema.go:597 +0x159
sync.(*Cond).Wait(0xc000533ef0?)
	/usr/local/go/src/sync/cond.go:71 +0x85
6.5840/raft.(*Raft).applyLog(0xc0004ee140)
	/home/hmc/learngo/mit-6.5840-private/src/raft/raft.go:937 +0x26e
created by 6.5840/raft.Make in goroutine 2892
	/home/hmc/learngo/mit-6.5840-private/src/raft/raft.go:1073 +0x376

goroutine 30684 [chan receive, 9 minutes]:
6.5840/shardkv.(*ShardKV).applier(0xc0009fa7e0)
	/home/hmc/learngo/mit-6.5840-private/src/shardkv/server.go:408 +0x6a
created by 6.5840/shardkv.StartServer in goroutine 16536
	/home/hmc/learngo/mit-6.5840-private/src/shardkv/server.go:797 +0x456

goroutine 12351 [sync.Cond.Wait, 9 minutes]:
sync.runtime_notifyListWait(0xc0004efbf0, 0x14)
	/usr/local/go/src/runtime/sema.go:597 +0x159
sync.(*Cond).Wait(0xc0005b3ef0?)
	/usr/local/go/src/sync/cond.go:71 +0x85
6.5840/raft.(*Raft).applyLog(0xc0004efb80)
	/home/hmc/learngo/mit-6.5840-private/src/raft/raft.go:937 +0x26e
created by 6.5840/raft.Make in goroutine 8227
	/home/hmc/learngo/mit-6.5840-private/src/raft/raft.go:1073 +0x376

goroutine 81460 [select, 9 minutes]:
6.5840/raft.(*Raft).ticker(0xc00066da40)
	/home/hmc/learngo/mit-6.5840-private/src/raft/raft.go:902 +0x6b
created by 6.5840/raft.Make in goroutine 81439
	/home/hmc/learngo/mit-6.5840-private/src/raft/raft.go:1071 +0x336

goroutine 426301 [chan send, 9 minutes]:
6.5840/raft.(*Raft).applyLog(0xc0003e43c0)
	/home/hmc/learngo/mit-6.5840-private/src/raft/raft.go:980 +0x325
created by 6.5840/raft.Make in goroutine 81439
	/home/hmc/learngo/mit-6.5840-private/src/raft/raft.go:1073 +0x376

goroutine 42719 [chan receive, 9 minutes]:
6.5840/shardkv.(*ShardKV).applier(0xc0004567e0)
	/home/hmc/learngo/mit-6.5840-private/src/shardkv/server.go:408 +0x6a
created by 6.5840/shardkv.StartServer in goroutine 42694
	/home/hmc/learngo/mit-6.5840-private/src/shardkv/server.go:797 +0x456

goroutine 1552528 [sync.Cond.Wait]:
sync.runtime_notifyListWait(0xc000811310, 0xb313)
	/usr/local/go/src/runtime/sema.go:597 +0x159
sync.(*Cond).Wait(0xc00066db80?)
	/usr/local/go/src/sync/cond.go:71 +0x85
6.5840/shardctrler.(*ShardCtrler).Query(0xc0005d6660, 0xc0015354b8, 0xc002034380)
	/home/hmc/learngo/mit-6.5840-private/src/shardctrler/server.go:199 +0x1b4
reflect.Value.call({0xc0001385a0?, 0xc000c66650?, 0xc000e03b18?}, {0x6aef4f, 0x4}, {0xc000e03d20, 0x3, 0xc000e03b48?})
	/usr/local/go/src/reflect/value.go:581 +0xca6
reflect.Value.Call({0xc0001385a0?, 0xc000c66650?, 0xc004a9aaf0?}, {0xc000e03d20?, 0x475657?, 0x8d94e8?})
	/usr/local/go/src/reflect/value.go:365 +0xb9
6.5840/labrpc.(*Service).dispatch(0xc000811380, {0x6b29f1, 0x5}, {{0x656d80, 0xc00161b830}, {0x6b29e5, 0x11}, {0x71b0f8, 0x64fba0}, {0xc000017b80, ...}, ...})
	/home/hmc/learngo/mit-6.5840-private/src/labrpc/labrpc.go:506 +0x35f
6.5840/labrpc.(*Server).dispatch(0xc000665cf8, {{0x656d80, 0xc00161b830}, {0x6b29e5, 0x11}, {0x71b0f8, 0x64fba0}, {0xc000017b80, 0x77, 0x80}, ...})
	/home/hmc/learngo/mit-6.5840-private/src/labrpc/labrpc.go:430 +0x1e5
6.5840/labrpc.(*Network).processReq.func1()
	/home/hmc/learngo/mit-6.5840-private/src/labrpc/labrpc.go:240 +0x3f
created by 6.5840/labrpc.(*Network).processReq in goroutine 1552527
	/home/hmc/learngo/mit-6.5840-private/src/labrpc/labrpc.go:239 +0x1d0

goroutine 270824 [chan receive, 9 minutes]:
6.5840/shardkv.(*ShardKV).applier(0xc001d450e0)
	/home/hmc/learngo/mit-6.5840-private/src/shardkv/server.go:408 +0x6a
created by 6.5840/shardkv.StartServer in goroutine 81439
	/home/hmc/learngo/mit-6.5840-private/src/shardkv/server.go:797 +0x456

goroutine 30784 [sync.Cond.Wait, 9 minutes]:
sync.runtime_notifyListWait(0xc00066c430, 0x109)
	/usr/local/go/src/runtime/sema.go:597 +0x159
sync.(*Cond).Wait(0xc00022b6f0?)
	/usr/local/go/src/sync/cond.go:71 +0x85
6.5840/raft.(*Raft).applyLog(0xc00066c3c0)
	/home/hmc/learngo/mit-6.5840-private/src/raft/raft.go:937 +0x26e
created by 6.5840/raft.Make in goroutine 16536
	/home/hmc/learngo/mit-6.5840-private/src/raft/raft.go:1073 +0x376

goroutine 8316 [chan receive, 9 minutes]:
6.5840/shardkv.(*ShardKV).applier(0xc000517c20)
	/home/hmc/learngo/mit-6.5840-private/src/shardkv/server.go:408 +0x6a
created by 6.5840/shardkv.StartServer in goroutine 8227
	/home/hmc/learngo/mit-6.5840-private/src/shardkv/server.go:797 +0x456

goroutine 12337 [sync.Cond.Wait, 9 minutes]:
sync.runtime_notifyListWait(0xc0004eebb0, 0x1d)
	/usr/local/go/src/runtime/sema.go:597 +0x159
sync.(*Cond).Wait(0xc0005b9ef0?)
	/usr/local/go/src/sync/cond.go:71 +0x85
6.5840/raft.(*Raft).applyLog(0xc0004eeb40)
	/home/hmc/learngo/mit-6.5840-private/src/raft/raft.go:937 +0x26e
created by 6.5840/raft.Make in goroutine 8227
	/home/hmc/learngo/mit-6.5840-private/src/raft/raft.go:1073 +0x376

goroutine 2902 [chan receive, 9 minutes]:
6.5840/shardctrler.(*ShardCtrler).applier(0xc000250600)
	/home/hmc/learngo/mit-6.5840-private/src/shardctrler/server.go:275 +0x6a
created by 6.5840/shardctrler.StartServer in goroutine 2892
	/home/hmc/learngo/mit-6.5840-private/src/shardctrler/server.go:561 +0x2e5

goroutine 8302 [chan receive, 9 minutes]:
6.5840/shardkv.(*ShardKV).applier(0xc0005170e0)
	/home/hmc/learngo/mit-6.5840-private/src/shardkv/server.go:408 +0x6a
created by 6.5840/shardkv.StartServer in goroutine 8227
	/home/hmc/learngo/mit-6.5840-private/src/shardkv/server.go:797 +0x456

goroutine 2901 [sync.Cond.Wait, 9 minutes]:
sync.runtime_notifyListWait(0xc0001651f0, 0x77)
	/usr/local/go/src/runtime/sema.go:597 +0x159
sync.(*Cond).Wait(0xc0001de0f0?)
	/usr/local/go/src/sync/cond.go:71 +0x85
6.5840/raft.(*Raft).applyLog(0xc000165180)
	/home/hmc/learngo/mit-6.5840-private/src/raft/raft.go:937 +0x26e
created by 6.5840/raft.Make in goroutine 2892
	/home/hmc/learngo/mit-6.5840-private/src/raft/raft.go:1073 +0x376

goroutine 338324 [chan receive, 9 minutes]:
6.5840/shardkv.(*ShardKV).applier(0xc002bdbd40)
	/home/hmc/learngo/mit-6.5840-private/src/shardkv/server.go:408 +0x6a
created by 6.5840/shardkv.StartServer in goroutine 81439
	/home/hmc/learngo/mit-6.5840-private/src/shardkv/server.go:797 +0x456

goroutine 16585 [sync.Cond.Wait, 9 minutes]:
sync.runtime_notifyListWait(0xc0000ca930, 0x117)
	/usr/local/go/src/runtime/sema.go:597 +0x159
sync.(*Cond).Wait(0xc00061cef0?)
	/usr/local/go/src/sync/cond.go:71 +0x85
6.5840/raft.(*Raft).applyLog(0xc0000ca8c0)
	/home/hmc/learngo/mit-6.5840-private/src/raft/raft.go:937 +0x26e
created by 6.5840/raft.Make in goroutine 16536
	/home/hmc/learngo/mit-6.5840-private/src/raft/raft.go:1073 +0x376

goroutine 30778 [chan receive, 9 minutes]:
6.5840/shardkv.(*ShardKV).applier(0xc0009fbd40)
	/home/hmc/learngo/mit-6.5840-private/src/shardkv/server.go:408 +0x6a
created by 6.5840/shardkv.StartServer in goroutine 16536
	/home/hmc/learngo/mit-6.5840-private/src/shardkv/server.go:797 +0x456

goroutine 16565 [chan receive, 9 minutes]:
6.5840/shardkv.(*ShardKV).applier(0xc0000b66c0)
	/home/hmc/learngo/mit-6.5840-private/src/shardkv/server.go:408 +0x6a
created by 6.5840/shardkv.StartServer in goroutine 16536
	/home/hmc/learngo/mit-6.5840-private/src/shardkv/server.go:797 +0x456

goroutine 545635 [sync.Mutex.Lock, 9 minutes]:
internal/sync.runtime_SemacquireMutex(0x71b0f8?, 0x80?, 0xc000036008?)
	/usr/local/go/src/runtime/sema.go:95 +0x25
internal/sync.(*Mutex).lockSlow(0xc0014699e0)
	/usr/local/go/src/internal/sync/mutex.go:149 +0x15d
internal/sync.(*Mutex).Lock(...)
	/usr/local/go/src/internal/sync/mutex.go:70
sync.(*Mutex).Lock(...)
	/usr/local/go/src/sync/mutex.go:46
6.5840/shardkv.(*ShardKV).PutAppend(0xc0014699e0, 0xc0051edd80, 0xc0083069e0)
	/home/hmc/learngo/mit-6.5840-private/src/shardkv/server.go:181 +0xf5
reflect.Value.call({0xc000139310?, 0xc002a004c8?, 0xc001f49b18?}, {0x6aef4f, 0x4}, {0xc001f49d20, 0x3, 0xc001f49b48?})
	/usr/local/go/src/reflect/value.go:581 +0xca6
reflect.Value.Call({0xc000139310?, 0xc002a004c8?, 0xc006b16aa8?}, {0xc001f49d20?, 0x475657?, 0x43a947?})
	/usr/local/go/src/reflect/value.go:365 +0xb9
6.5840/labrpc.(*Service).dispatch(0xc006c388c0, {0x6b2547, 0x9}, {{0x656d80, 0xc0083065b0}, {0x6b253f, 0x11}, {0x71b0f8, 0x64c8a0}, {0xc006668780, ...}, ...})
	/home/hmc/learngo/mit-6.5840-private/src/labrpc/labrpc.go:506 +0x35f
6.5840/labrpc.(*Server).dispatch(0xc0024babe8, {{0x656d80, 0xc0083065b0}, {0x6b253f, 0x11}, {0x71b0f8, 0x64c8a0}, {0xc006668780, 0x98, 0xa0}, ...})
	/home/hmc/learngo/mit-6.5840-private/src/labrpc/labrpc.go:430 +0x1e5
6.5840/labrpc.(*Network).processReq.func1()
	/home/hmc/learngo/mit-6.5840-private/src/labrpc/labrpc.go:240 +0x3f
created by 6.5840/labrpc.(*Network).processReq in goroutine 545634
	/home/hmc/learngo/mit-6.5840-private/src/labrpc/labrpc.go:239 +0x1d0

goroutine 8294 [sync.Cond.Wait, 9 minutes]:
sync.runtime_notifyListWait(0xc0004ef0b0, 0x2b)
	/usr/local/go/src/runtime/sema.go:597 +0x159
sync.(*Cond).Wait(0xc0002046f0?)
	/usr/local/go/src/sync/cond.go:71 +0x85
6.5840/raft.(*Raft).applyLog(0xc0004ef040)
	/home/hmc/learngo/mit-6.5840-private/src/raft/raft.go:937 +0x26e
created by 6.5840/raft.Make in goroutine 8227
	/home/hmc/learngo/mit-6.5840-private/src/raft/raft.go:1073 +0x376

goroutine 16561 [sync.Cond.Wait, 9 minutes]:
sync.runtime_notifyListWait(0xc0000ca430, 0xe3)
	/usr/local/go/src/runtime/sema.go:597 +0x159
sync.(*Cond).Wait(0xc00065fef0?)
	/usr/local/go/src/sync/cond.go:71 +0x85
6.5840/raft.(*Raft).applyLog(0xc0000ca3c0)
	/home/hmc/learngo/mit-6.5840-private/src/raft/raft.go:937 +0x26e
created by 6.5840/raft.Make in goroutine 16536
	/home/hmc/learngo/mit-6.5840-private/src/raft/raft.go:1073 +0x376

goroutine 81517 [chan receive, 9 minutes]:
6.5840/shardkv.(*ShardKV).applier(0xc000a9b7a0)
	/home/hmc/learngo/mit-6.5840-private/src/shardkv/server.go:408 +0x6a
created by 6.5840/shardkv.StartServer in goroutine 81439
	/home/hmc/learngo/mit-6.5840-private/src/shardkv/server.go:797 +0x456

goroutine 8237 [chan receive, 9 minutes]:
6.5840/shardctrler.(*ShardCtrler).applier(0xc0003bcba0)
	/home/hmc/learngo/mit-6.5840-private/src/shardctrler/server.go:275 +0x6a
created by 6.5840/shardctrler.StartServer in goroutine 8227
	/home/hmc/learngo/mit-6.5840-private/src/shardctrler/server.go:561 +0x2e5

goroutine 16562 [chan receive, 9 minutes]:
6.5840/shardctrler.(*ShardCtrler).applier(0xc00030fd40)
	/home/hmc/learngo/mit-6.5840-private/src/shardctrler/server.go:275 +0x6a
created by 6.5840/shardctrler.StartServer in goroutine 16536
	/home/hmc/learngo/mit-6.5840-private/src/shardctrler/server.go:561 +0x2e5

goroutine 8330 [chan receive, 9 minutes]:
6.5840/shardkv.(*ShardKV).applier(0xc0004527e0)
	/home/hmc/learngo/mit-6.5840-private/src/shardkv/server.go:408 +0x6a
created by 6.5840/shardkv.StartServer in goroutine 8227
	/home/hmc/learngo/mit-6.5840-private/src/shardkv/server.go:797 +0x456

goroutine 677349 [chan receive, 9 minutes]:
6.5840/shardkv.(*ShardKV).PutAppend(0xc0012fbd40, 0xc00baac440, 0xc00aac6540)
	/home/hmc/learngo/mit-6.5840-private/src/shardkv/server.go:204 +0x2e5
reflect.Value.call({0xc000139310?, 0xc006fafd58?, 0xc002271b18?}, {0x6aef4f, 0x4}, {0xc002271d20, 0x3, 0xc002271b48?})
	/usr/local/go/src/reflect/value.go:581 +0xca6
reflect.Value.Call({0xc000139310?, 0xc006fafd58?, 0xc009bae0c8?}, {0xc002271d20?, 0x475657?, 0x43a947?})
	/usr/local/go/src/reflect/value.go:365 +0xb9
6.5840/labrpc.(*Service).dispatch(0xc0082bc100, {0x6b2547, 0x9}, {{0x656d80, 0xc00aac62e0}, {0x6b253f, 0x11}, {0x71b0f8, 0x64c8a0}, {0xc0084cda40, ...}, ...})
	/home/hmc/learngo/mit-6.5840-private/src/labrpc/labrpc.go:506 +0x35f
6.5840/labrpc.(*Server).dispatch(0xc009a67368, {{0x656d80, 0xc00aac62e0}, {0x6b253f, 0x11}, {0x71b0f8, 0x64c8a0}, {0xc0084cda40, 0x98, 0xa0}, ...})
	/home/hmc/learngo/mit-6.5840-private/src/labrpc/labrpc.go:430 +0x1e5
6.5840/labrpc.(*Network).processReq.func1()
	/home/hmc/learngo/mit-6.5840-private/src/labrpc/labrpc.go:240 +0x3f
created by 6.5840/labrpc.(*Network).processReq in goroutine 677348
	/home/hmc/learngo/mit-6.5840-private/src/labrpc/labrpc.go:239 +0x1d0

goroutine 2895 [sync.Cond.Wait, 9 minutes]:
sync.runtime_notifyListWait(0xc000164f70, 0x6f)
	/usr/local/go/src/runtime/sema.go:597 +0x159
sync.(*Cond).Wait(0xc0001936f0?)
	/usr/local/go/src/sync/cond.go:71 +0x85
6.5840/raft.(*Raft).applyLog(0xc000164f00)
	/home/hmc/learngo/mit-6.5840-private/src/raft/raft.go:937 +0x26e
created by 6.5840/raft.Make in goroutine 2892
	/home/hmc/learngo/mit-6.5840-private/src/raft/raft.go:1073 +0x376

goroutine 8240 [chan receive, 9 minutes]:
6.5840/shardkv.(*ShardKV).applier(0xc000516ea0)
	/home/hmc/learngo/mit-6.5840-private/src/shardkv/server.go:408 +0x6a
created by 6.5840/shardkv.StartServer in goroutine 8227
	/home/hmc/learngo/mit-6.5840-private/src/shardkv/server.go:797 +0x456

goroutine 81496 [chan receive, 9 minutes]:
6.5840/shardkv.(*ShardKV).applier(0xc000a9b440)
	/home/hmc/learngo/mit-6.5840-private/src/shardkv/server.go:408 +0x6a
created by 6.5840/shardkv.StartServer in goroutine 81439
	/home/hmc/learngo/mit-6.5840-private/src/shardkv/server.go:797 +0x456

goroutine 12352 [chan receive, 9 minutes]:
6.5840/shardkv.(*ShardKV).applier(0xc0004c99e0)
	/home/hmc/learngo/mit-6.5840-private/src/shardkv/server.go:408 +0x6a
created by 6.5840/shardkv.StartServer in goroutine 8227
	/home/hmc/learngo/mit-6.5840-private/src/shardkv/server.go:797 +0x456

goroutine 123987 [chan receive, 9 minutes]:
6.5840/shardkv.(*ShardKV).applier(0xc002352fc0)
	/home/hmc/learngo/mit-6.5840-private/src/shardkv/server.go:408 +0x6a
created by 6.5840/shardkv.StartServer in goroutine 81439
	/home/hmc/learngo/mit-6.5840-private/src/shardkv/server.go:797 +0x456

goroutine 426304 [select]:
6.5840/shardctrler.(*Clerk).makeCall(0xc006422150, 0x1, {0x6b29e5, 0x11}, {0x64fba0, 0xc004d49d70}, {0x64fce0, 0xc004756300})
	/home/hmc/learngo/mit-6.5840-private/src/shardctrler/client.go:169 +0x178
6.5840/shardctrler.(*Clerk).Query(0xc006422150, 0x12)
	/home/hmc/learngo/mit-6.5840-private/src/shardctrler/client.go:62 +0x1c6
6.5840/shardkv.(*ShardKV).queryConfig(0xc0014699e0)
	/home/hmc/learngo/mit-6.5840-private/src/shardkv/server.go:319 +0xc5
created by 6.5840/shardkv.StartServer in goroutine 81439
	/home/hmc/learngo/mit-6.5840-private/src/shardkv/server.go:803 +0x4e5

goroutine 767355 [chan receive, 9 minutes]:
6.5840/shardkv.(*ShardKV).applier(0xc00761c7e0)
	/home/hmc/learngo/mit-6.5840-private/src/shardkv/server.go:408 +0x6a
created by 6.5840/shardkv.StartServer in goroutine 81439
	/home/hmc/learngo/mit-6.5840-private/src/shardkv/server.go:797 +0x456

goroutine 16275 [sync.Cond.Wait, 9 minutes]:
sync.runtime_notifyListWait(0xc0004efd30, 0x7)
	/usr/local/go/src/runtime/sema.go:597 +0x159
sync.(*Cond).Wait(0xc00061def0?)
	/usr/local/go/src/sync/cond.go:71 +0x85
6.5840/raft.(*Raft).applyLog(0xc0004efcc0)
	/home/hmc/learngo/mit-6.5840-private/src/raft/raft.go:937 +0x26e
created by 6.5840/raft.Make in goroutine 8227
	/home/hmc/learngo/mit-6.5840-private/src/raft/raft.go:1073 +0x376

goroutine 706730 [sync.Cond.Wait, 9 minutes]:
sync.runtime_notifyListWait(0xc006cc2bb0, 0x11)
	/usr/local/go/src/runtime/sema.go:597 +0x159
sync.(*Cond).Wait(0xc000214ef0?)
	/usr/local/go/src/sync/cond.go:71 +0x85
6.5840/raft.(*Raft).applyLog(0xc006cc2b40)
	/home/hmc/learngo/mit-6.5840-private/src/raft/raft.go:937 +0x26e
created by 6.5840/raft.Make in goroutine 81439
	/home/hmc/learngo/mit-6.5840-private/src/raft/raft.go:1073 +0x376

goroutine 677481 [chan receive, 9 minutes]:
6.5840/shardkv.(*ShardKV).PutAppend(0xc001176c60, 0xc0092f8700, 0xc00b7cedd0)
	/home/hmc/learngo/mit-6.5840-private/src/shardkv/server.go:204 +0x2e5
reflect.Value.call({0xc000139310?, 0xc006faeac8?, 0xc0043e7b18?}, {0x6aef4f, 0x4}, {0xc0043e7d20, 0x3, 0xc0043e7b48?})
	/usr/local/go/src/reflect/value.go:581 +0xca6
reflect.Value.Call({0xc000139310?, 0xc006faeac8?, 0xc009dfcb70?}, {0xc0043e7d20?, 0x475657?, 0x42f77b?})
	/usr/local/go/src/reflect/value.go:365 +0xb9
6.5840/labrpc.(*Service).dispatch(0xc007fbab40, {0x6b2547, 0x9}, {{0x656d80, 0xc00b7cea90}, {0x6b253f, 0x11}, {0x71b0f8, 0x64c8a0}, {0xc009abc3c0, ...}, ...})
	/home/hmc/learngo/mit-6.5840-private/src/labrpc/labrpc.go:506 +0x35f
6.5840/labrpc.(*Server).dispatch(0xc004e577e8, {{0x656d80, 0xc00b7cea90}, {0x6b253f, 0x11}, {0x71b0f8, 0x64c8a0}, {0xc009abc3c0, 0x98, 0xa0}, ...})
	/home/hmc/learngo/mit-6.5840-private/src/labrpc/labrpc.go:430 +0x1e5
6.5840/labrpc.(*Network).processReq.func1()
	/home/hmc/learngo/mit-6.5840-private/src/labrpc/labrpc.go:240 +0x3f
created by 6.5840/labrpc.(*Network).processReq in goroutine 677480
	/home/hmc/learngo/mit-6.5840-private/src/labrpc/labrpc.go:239 +0x1d0

goroutine 677657 [chan receive, 9 minutes]:
6.5840/labrpc.(*Network).processReq.func2()
	/home/hmc/learngo/mit-6.5840-private/src/labrpc/labrpc.go:258 +0x19
created by 6.5840/labrpc.(*Network).processReq in goroutine 677463
	/home/hmc/learngo/mit-6.5840-private/src/labrpc/labrpc.go:257 +0x48f

goroutine 16276 [chan receive, 9 minutes]:
6.5840/shardkv.(*ShardKV).applier(0xc0000b6360)
	/home/hmc/learngo/mit-6.5840-private/src/shardkv/server.go:408 +0x6a
created by 6.5840/shardkv.StartServer in goroutine 8227
	/home/hmc/learngo/mit-6.5840-private/src/shardkv/server.go:797 +0x456

goroutine 2911 [sync.Cond.Wait, 9 minutes]:
sync.runtime_notifyListWait(0xc000165470, 0x73)
	/usr/local/go/src/runtime/sema.go:597 +0x159
sync.(*Cond).Wait(0xc00066e730?)
	/usr/local/go/src/sync/cond.go:71 +0x85
6.5840/raft.(*Raft).applyLog(0xc000165400)
	/home/hmc/learngo/mit-6.5840-private/src/raft/raft.go:937 +0x26e
created by 6.5840/raft.Make in goroutine 2892
	/home/hmc/learngo/mit-6.5840-private/src/raft/raft.go:1073 +0x376

goroutine 767311 [chan receive, 9 minutes]:
6.5840/shardkv.(*ShardKV).applier(0xc0076d78c0)
	/home/hmc/learngo/mit-6.5840-private/src/shardkv/server.go:408 +0x6a
created by 6.5840/shardkv.StartServer in goroutine 81439
	/home/hmc/learngo/mit-6.5840-private/src/shardkv/server.go:797 +0x456

goroutine 545736 [chan receive, 9 minutes]:
6.5840/labrpc.(*Network).processReq.func2()
	/home/hmc/learngo/mit-6.5840-private/src/labrpc/labrpc.go:258 +0x19
created by 6.5840/labrpc.(*Network).processReq in goroutine 545614
	/home/hmc/learngo/mit-6.5840-private/src/labrpc/labrpc.go:257 +0x48f

goroutine 338338 [chan receive, 9 minutes]:
6.5840/shardkv.(*ShardKV).applier(0xc001b7cc60)
	/home/hmc/learngo/mit-6.5840-private/src/shardkv/server.go:408 +0x6a
created by 6.5840/shardkv.StartServer in goroutine 81439
	/home/hmc/learngo/mit-6.5840-private/src/shardkv/server.go:797 +0x456

goroutine 2896 [chan receive, 9 minutes]:
6.5840/shardctrler.(*ShardCtrler).applier(0xc000250360)
	/home/hmc/learngo/mit-6.5840-private/src/shardctrler/server.go:275 +0x6a
created by 6.5840/shardctrler.StartServer in goroutine 2892
	/home/hmc/learngo/mit-6.5840-private/src/shardctrler/server.go:561 +0x2e5

goroutine 2899 [chan receive, 9 minutes]:
6.5840/shardctrler.(*ShardCtrler).applier(0xc0002504e0)
	/home/hmc/learngo/mit-6.5840-private/src/shardctrler/server.go:275 +0x6a
created by 6.5840/shardctrler.StartServer in goroutine 2892
	/home/hmc/learngo/mit-6.5840-private/src/shardctrler/server.go:561 +0x2e5

goroutine 8337 [chan receive, 9 minutes]:
6.5840/shardkv.(*ShardKV).applier(0xc000452900)
	/home/hmc/learngo/mit-6.5840-private/src/shardkv/server.go:408 +0x6a
created by 6.5840/shardkv.StartServer in goroutine 8227
	/home/hmc/learngo/mit-6.5840-private/src/shardkv/server.go:797 +0x456

goroutine 81502 [sync.Cond.Wait, 9 minutes]:
sync.runtime_notifyListWait(0xc0000cbd30, 0xf7)
	/usr/local/go/src/runtime/sema.go:597 +0x159
sync.(*Cond).Wait(0xc0024bd450?)
	/usr/local/go/src/sync/cond.go:71 +0x85
6.5840/raft.(*Raft).applyLog(0xc0000cbcc0)
	/home/hmc/learngo/mit-6.5840-private/src/raft/raft.go:937 +0x26e
created by 6.5840/raft.Make in goroutine 81439
	/home/hmc/learngo/mit-6.5840-private/src/raft/raft.go:1073 +0x376

goroutine 42701 [chan receive, 9 minutes]:
6.5840/shardctrler.(*ShardCtrler).applier(0xc00042e300)
	/home/hmc/learngo/mit-6.5840-private/src/shardctrler/server.go:275 +0x6a
created by 6.5840/shardctrler.StartServer in goroutine 42694
	/home/hmc/learngo/mit-6.5840-private/src/shardctrler/server.go:561 +0x2e5

goroutine 124008 [chan receive, 9 minutes]:
6.5840/shardkv.(*ShardKV).applier(0xc0016e4a20)
	/home/hmc/learngo/mit-6.5840-private/src/shardkv/server.go:408 +0x6a
created by 6.5840/shardkv.StartServer in goroutine 81439
	/home/hmc/learngo/mit-6.5840-private/src/shardkv/server.go:797 +0x456

goroutine 338330 [sync.Cond.Wait, 9 minutes]:
sync.runtime_notifyListWait(0xc004866cf0, 0x46b)
	/usr/local/go/src/runtime/sema.go:597 +0x159
sync.(*Cond).Wait(0xc005367ef0?)
	/usr/local/go/src/sync/cond.go:71 +0x85
6.5840/raft.(*Raft).applyLog(0xc004866c80)
	/home/hmc/learngo/mit-6.5840-private/src/raft/raft.go:937 +0x26e
created by 6.5840/raft.Make in goroutine 81439
	/home/hmc/learngo/mit-6.5840-private/src/raft/raft.go:1073 +0x376

goroutine 2925 [sync.Cond.Wait, 9 minutes]:
sync.runtime_notifyListWait(0xc0001656f0, 0x12)
	/usr/local/go/src/runtime/sema.go:597 +0x159
sync.(*Cond).Wait(0xc000174ef0?)
	/usr/local/go/src/sync/cond.go:71 +0x85
6.5840/raft.(*Raft).applyLog(0xc000165680)
	/home/hmc/learngo/mit-6.5840-private/src/raft/raft.go:937 +0x26e
created by 6.5840/raft.Make in goroutine 2892
	/home/hmc/learngo/mit-6.5840-private/src/raft/raft.go:1073 +0x376

goroutine 2926 [chan receive, 9 minutes]:
6.5840/shardkv.(*ShardKV).applier(0xc000320b40)
	/home/hmc/learngo/mit-6.5840-private/src/shardkv/server.go:408 +0x6a
created by 6.5840/shardkv.StartServer in goroutine 2892
	/home/hmc/learngo/mit-6.5840-private/src/shardkv/server.go:797 +0x456

goroutine 338197 [chan receive, 9 minutes]:
6.5840/shardkv.(*ShardKV).PutAppend(0xc001d457a0, 0xc0014727c0, 0xc002f66e50)
	/home/hmc/learngo/mit-6.5840-private/src/shardkv/server.go:204 +0x2e5
reflect.Value.call({0xc000139310?, 0xc001620a80?, 0xc001f4db18?}, {0x6aef4f, 0x4}, {0xc001f4dd20, 0x3, 0xc001f4db48?})
	/usr/local/go/src/reflect/value.go:581 +0xca6
reflect.Value.Call({0xc000139310?, 0xc001620a80?, 0xc0047cdc38?}, {0xc001f4dd20?, 0x475657?, 0x43a947?})
	/usr/local/go/src/reflect/value.go:365 +0xb9
6.5840/labrpc.(*Service).dispatch(0xc004cff280, {0x6b2547, 0x9}, {{0x656d80, 0xc003f83490}, {0x6b253f, 0x11}, {0x71b0f8, 0x64c8a0}, {0xc0030266e0, ...}, ...})
	/home/hmc/learngo/mit-6.5840-private/src/labrpc/labrpc.go:506 +0x35f
6.5840/labrpc.(*Server).dispatch(0xc0011b7e60, {{0x656d80, 0xc003f83490}, {0x6b253f, 0x11}, {0x71b0f8, 0x64c8a0}, {0xc0030266e0, 0x98, 0xa0}, ...})
	/home/hmc/learngo/mit-6.5840-private/src/labrpc/labrpc.go:430 +0x1e5
6.5840/labrpc.(*Network).processReq.func1()
	/home/hmc/learngo/mit-6.5840-private/src/labrpc/labrpc.go:240 +0x3f
created by 6.5840/labrpc.(*Network).processReq in goroutine 338196
	/home/hmc/learngo/mit-6.5840-private/src/labrpc/labrpc.go:239 +0x1d0

goroutine 8315 [sync.Cond.Wait, 9 minutes]:
sync.runtime_notifyListWait(0xc0004ef470, 0x28)
	/usr/local/go/src/runtime/sema.go:597 +0x159
sync.(*Cond).Wait(0xc00057a6f0?)
	/usr/local/go/src/sync/cond.go:71 +0x85
6.5840/raft.(*Raft).applyLog(0xc0004ef400)
	/home/hmc/learngo/mit-6.5840-private/src/raft/raft.go:937 +0x26e
created by 6.5840/raft.Make in goroutine 8227
	/home/hmc/learngo/mit-6.5840-private/src/raft/raft.go:1073 +0x376

goroutine 270821 [select]:
6.5840/shardctrler.(*Clerk).makeCall(0xc0012e4420, 0x0, {0x6b29e5, 0x11}, {0x64fba0, 0xc00147f530}, {0x64fce0, 0xc002c3c380})
	/home/hmc/learngo/mit-6.5840-private/src/shardctrler/client.go:169 +0x178
6.5840/shardctrler.(*Clerk).Query(0xc0012e4420, 0xa)
	/home/hmc/learngo/mit-6.5840-private/src/shardctrler/client.go:62 +0x1c6
6.5840/shardkv.(*ShardKV).tryGC(0xc001d44a20)
	/home/hmc/learngo/mit-6.5840-private/src/shardkv/server.go:393 +0x266
created by 6.5840/shardkv.StartServer in goroutine 81439
	/home/hmc/learngo/mit-6.5840-private/src/shardkv/server.go:805 +0x565

goroutine 706662 [chan receive, 9 minutes]:
6.5840/shardkv.(*ShardKV).PutAppend(0xc00977de60, 0xc008112840, 0xc00a3634e0)
	/home/hmc/learngo/mit-6.5840-private/src/shardkv/server.go:204 +0x2e5
reflect.Value.call({0xc000139310?, 0xc009f81250?, 0xc001a85b18?}, {0x6aef4f, 0x4}, {0xc001a85d20, 0x3, 0xc001a85b48?})
	/usr/local/go/src/reflect/value.go:581 +0xca6
reflect.Value.Call({0xc000139310?, 0xc009f81250?, 0xc008dccd78?}, {0xc001a85d20?, 0x475657?, 0xc00018f540?})
	/usr/local/go/src/reflect/value.go:365 +0xb9
6.5840/labrpc.(*Service).dispatch(0xc006a45a00, {0x6b2547, 0x9}, {{0x656d80, 0xc00a3629e0}, {0x6b253f, 0x11}, {0x71b0f8, 0x64c8a0}, {0xc003920b40, ...}, ...})
	/home/hmc/learngo/mit-6.5840-private/src/labrpc/labrpc.go:506 +0x35f
6.5840/labrpc.(*Server).dispatch(0xc003926ca8, {{0x656d80, 0xc00a3629e0}, {0x6b253f, 0x11}, {0x71b0f8, 0x64c8a0}, {0xc003920b40, 0x98, 0xa0}, ...})
	/home/hmc/learngo/mit-6.5840-private/src/labrpc/labrpc.go:430 +0x1e5
6.5840/labrpc.(*Network).processReq.func1()
	/home/hmc/learngo/mit-6.5840-private/src/labrpc/labrpc.go:240 +0x3f
created by 6.5840/labrpc.(*Network).processReq in goroutine 706661
	/home/hmc/learngo/mit-6.5840-private/src/labrpc/labrpc.go:239 +0x1d0

goroutine 8231 [chan receive, 9 minutes]:
6.5840/shardctrler.(*ShardCtrler).applier(0xc0003bc840)
	/home/hmc/learngo/mit-6.5840-private/src/shardctrler/server.go:275 +0x6a
created by 6.5840/shardctrler.StartServer in goroutine 8227
	/home/hmc/learngo/mit-6.5840-private/src/shardctrler/server.go:561 +0x2e5

goroutine 2932 [sync.Cond.Wait, 9 minutes]:
sync.runtime_notifyListWait(0xc000165830, 0x12)
	/usr/local/go/src/runtime/sema.go:597 +0x159
sync.(*Cond).Wait(0xc0005346f0?)
	/usr/local/go/src/sync/cond.go:71 +0x85
6.5840/raft.(*Raft).applyLog(0xc0001657c0)
	/home/hmc/learngo/mit-6.5840-private/src/raft/raft.go:937 +0x26e
created by 6.5840/raft.Make in goroutine 2892
	/home/hmc/learngo/mit-6.5840-private/src/raft/raft.go:1073 +0x376

goroutine 2933 [chan receive, 9 minutes]:
6.5840/shardkv.(*ShardKV).applier(0xc000320c60)
	/home/hmc/learngo/mit-6.5840-private/src/shardkv/server.go:408 +0x6a
created by 6.5840/shardkv.StartServer in goroutine 2892
	/home/hmc/learngo/mit-6.5840-private/src/shardkv/server.go:797 +0x456

goroutine 1552758 [select]:
6.5840/labrpc.(*Network).processReq(0xc0002080a0, {{0x656d80, 0xc001fcb8b0}, {0x6b2a07, 0x11}, {0x71b0f8, 0x64fd60}, {0xc00010ac00, 0x396, 0x400}, ...})
	/home/hmc/learngo/mit-6.5840-private/src/labrpc/labrpc.go:251 +0x3e5
created by 6.5840/labrpc.MakeNetwork.func1 in goroutine 81440
	/home/hmc/learngo/mit-6.5840-private/src/labrpc/labrpc.go:157 +0x58

goroutine 8234 [chan receive, 9 minutes]:
6.5840/shardctrler.(*ShardCtrler).applier(0xc0003bca20)
	/home/hmc/learngo/mit-6.5840-private/src/shardctrler/server.go:275 +0x6a
created by 6.5840/shardctrler.StartServer in goroutine 8227
	/home/hmc/learngo/mit-6.5840-private/src/shardctrler/server.go:561 +0x2e5

goroutine 75567 [chan receive, 9 minutes]:
6.5840/shardkv.(*ShardKV).applier(0xc00098e120)
	/home/hmc/learngo/mit-6.5840-private/src/shardkv/server.go:408 +0x6a
created by 6.5840/shardkv.StartServer in goroutine 42694
	/home/hmc/learngo/mit-6.5840-private/src/shardkv/server.go:797 +0x456

goroutine 2939 [sync.Cond.Wait, 9 minutes]:
sync.runtime_notifyListWait(0xc000165970, 0x11)
	/usr/local/go/src/runtime/sema.go:597 +0x159
sync.(*Cond).Wait(0xc0001796f0?)
	/usr/local/go/src/sync/cond.go:71 +0x85
6.5840/raft.(*Raft).applyLog(0xc000165900)
	/home/hmc/learngo/mit-6.5840-private/src/raft/raft.go:937 +0x26e
created by 6.5840/raft.Make in goroutine 2892
	/home/hmc/learngo/mit-6.5840-private/src/raft/raft.go:1073 +0x376

goroutine 2940 [chan receive, 9 minutes]:
6.5840/shardkv.(*ShardKV).applier(0xc000320d80)
	/home/hmc/learngo/mit-6.5840-private/src/shardkv/server.go:408 +0x6a
created by 6.5840/shardkv.StartServer in goroutine 2892
	/home/hmc/learngo/mit-6.5840-private/src/shardkv/server.go:797 +0x456

goroutine 677445 [chan receive, 9 minutes]:
6.5840/shardkv.(*ShardKV).PutAppend(0xc000d24b40, 0xc008768940, 0xc00b234ca0)
	/home/hmc/learngo/mit-6.5840-private/src/shardkv/server.go:204 +0x2e5
reflect.Value.call({0xc000139310?, 0xc006fae180?, 0xc003f25b18?}, {0x6aef4f, 0x4}, {0xc003f25d20, 0x3, 0xc003f25b48?})
	/usr/local/go/src/reflect/value.go:581 +0xca6
reflect.Value.Call({0xc000139310?, 0xc006fae180?, 0xc009769968?}, {0xc003f25d20?, 0x475657?, 0x8d94e8?})
	/usr/local/go/src/reflect/value.go:365 +0xb9
6.5840/labrpc.(*Service).dispatch(0xc006fa37c0, {0x6b2547, 0x9}, {{0x656d80, 0xc00b234750}, {0x6b253f, 0x11}, {0x71b0f8, 0x64c8a0}, {0xc007b95d60, ...}, ...})
	/home/hmc/learngo/mit-6.5840-private/src/labrpc/labrpc.go:506 +0x35f
6.5840/labrpc.(*Server).dispatch(0xc009d54d98, {{0x656d80, 0xc00b234750}, {0x6b253f, 0x11}, {0x71b0f8, 0x64c8a0}, {0xc007b95d60, 0x98, 0xa0}, ...})
	/home/hmc/learngo/mit-6.5840-private/src/labrpc/labrpc.go:430 +0x1e5
6.5840/labrpc.(*Network).processReq.func1()
	/home/hmc/learngo/mit-6.5840-private/src/labrpc/labrpc.go:240 +0x3f
created by 6.5840/labrpc.(*Network).processReq in goroutine 677444
	/home/hmc/learngo/mit-6.5840-private/src/labrpc/labrpc.go:239 +0x1d0

goroutine 270810 [chan receive, 9 minutes]:
6.5840/shardkv.(*ShardKV).applier(0xc001d44000)
	/home/hmc/learngo/mit-6.5840-private/src/shardkv/server.go:408 +0x6a
created by 6.5840/shardkv.StartServer in goroutine 81439
	/home/hmc/learngo/mit-6.5840-private/src/shardkv/server.go:797 +0x456

goroutine 81474 [sync.Cond.Wait, 9 minutes]:
sync.runtime_notifyListWait(0xc00066de70, 0x284)
	/usr/local/go/src/runtime/sema.go:597 +0x159
sync.(*Cond).Wait(0xc0024bd5e0?)
	/usr/local/go/src/sync/cond.go:71 +0x85
6.5840/raft.(*Raft).applyLog(0xc00066de00)
	/home/hmc/learngo/mit-6.5840-private/src/raft/raft.go:937 +0x26e
created by 6.5840/raft.Make in goroutine 81439
	/home/hmc/learngo/mit-6.5840-private/src/raft/raft.go:1073 +0x376

goroutine 81467 [sync.Cond.Wait, 9 minutes]:
sync.runtime_notifyListWait(0xc00066dd30, 0x28e)
	/usr/local/go/src/runtime/sema.go:597 +0x159
sync.(*Cond).Wait(0xc000706ef0?)
	/usr/local/go/src/sync/cond.go:71 +0x85
6.5840/raft.(*Raft).applyLog(0xc00066dcc0)
	/home/hmc/learngo/mit-6.5840-private/src/raft/raft.go:937 +0x26e
created by 6.5840/raft.Make in goroutine 81439
	/home/hmc/learngo/mit-6.5840-private/src/raft/raft.go:1073 +0x376

goroutine 2946 [sync.Cond.Wait, 9 minutes]:
sync.runtime_notifyListWait(0xc000165ab0, 0x20)
	/usr/local/go/src/runtime/sema.go:597 +0x159
sync.(*Cond).Wait(0xc0005336f0?)
	/usr/local/go/src/sync/cond.go:71 +0x85
6.5840/raft.(*Raft).applyLog(0xc000165a40)
	/home/hmc/learngo/mit-6.5840-private/src/raft/raft.go:937 +0x26e
created by 6.5840/raft.Make in goroutine 2892
	/home/hmc/learngo/mit-6.5840-private/src/raft/raft.go:1073 +0x376

goroutine 2947 [chan receive, 9 minutes]:
6.5840/shardkv.(*ShardKV).applier(0xc000320ea0)
	/home/hmc/learngo/mit-6.5840-private/src/shardkv/server.go:408 +0x6a
created by 6.5840/shardkv.StartServer in goroutine 2892
	/home/hmc/learngo/mit-6.5840-private/src/shardkv/server.go:797 +0x456

goroutine 767377 [sleep]:
time.Sleep(0x989680)
	/usr/local/go/src/runtime/time.go:338 +0x165
6.5840/shardkv.(*ShardKV).makeSnapshot(0xc0067747e0)
	/home/hmc/learngo/mit-6.5840-private/src/shardkv/server.go:602 +0x25
created by 6.5840/shardkv.StartServer in goroutine 81439
	/home/hmc/learngo/mit-6.5840-private/src/shardkv/server.go:800 +0x4a5

goroutine 545747 [chan receive, 9 minutes]:
6.5840/labrpc.(*Network).processReq.func2()
	/home/hmc/learngo/mit-6.5840-private/src/labrpc/labrpc.go:258 +0x19
created by 6.5840/labrpc.(*Network).processReq in goroutine 545592
	/home/hmc/learngo/mit-6.5840-private/src/labrpc/labrpc.go:257 +0x48f

goroutine 545654 [chan receive, 9 minutes]:
6.5840/shardkv.(*ShardKV).applier(0xc001176000)
	/home/hmc/learngo/mit-6.5840-private/src/shardkv/server.go:408 +0x6a
created by 6.5840/shardkv.StartServer in goroutine 81439
	/home/hmc/learngo/mit-6.5840-private/src/shardkv/server.go:797 +0x456

goroutine 8309 [chan receive, 9 minutes]:
6.5840/shardkv.(*ShardKV).applier(0xc000517680)
	/home/hmc/learngo/mit-6.5840-private/src/shardkv/server.go:408 +0x6a
created by 6.5840/shardkv.StartServer in goroutine 8227
	/home/hmc/learngo/mit-6.5840-private/src/shardkv/server.go:797 +0x456

goroutine 81468 [chan receive, 9 minutes]:
6.5840/shardkv.(*ShardKV).applier(0xc000a9aa20)
	/home/hmc/learngo/mit-6.5840-private/src/shardkv/server.go:408 +0x6a
created by 6.5840/shardkv.StartServer in goroutine 81439
	/home/hmc/learngo/mit-6.5840-private/src/shardkv/server.go:797 +0x456

goroutine 2953 [sync.Cond.Wait, 9 minutes]:
sync.runtime_notifyListWait(0xc000165bf0, 0x1b)
	/usr/local/go/src/runtime/sema.go:597 +0x159
sync.(*Cond).Wait(0xc000620ef0?)
	/usr/local/go/src/sync/cond.go:71 +0x85
6.5840/raft.(*Raft).applyLog(0xc000165b80)
	/home/hmc/learngo/mit-6.5840-private/src/raft/raft.go:937 +0x26e
created by 6.5840/raft.Make in goroutine 2892
	/home/hmc/learngo/mit-6.5840-private/src/raft/raft.go:1073 +0x376

goroutine 2954 [chan receive, 9 minutes]:
6.5840/shardkv.(*ShardKV).applier(0xc000320fc0)
	/home/hmc/learngo/mit-6.5840-private/src/shardkv/server.go:408 +0x6a
created by 6.5840/shardkv.StartServer in goroutine 2892
	/home/hmc/learngo/mit-6.5840-private/src/shardkv/server.go:797 +0x456

goroutine 677624 [chan receive, 9 minutes]:
6.5840/labrpc.(*Network).processReq.func2()
	/home/hmc/learngo/mit-6.5840-private/src/labrpc/labrpc.go:258 +0x19
created by 6.5840/labrpc.(*Network).processReq in goroutine 677392
	/home/hmc/learngo/mit-6.5840-private/src/labrpc/labrpc.go:257 +0x48f

goroutine 8233 [sync.Cond.Wait, 9 minutes]:
sync.runtime_notifyListWait(0xc0004eecf0, 0xe7)
	/usr/local/go/src/runtime/sema.go:597 +0x159
sync.(*Cond).Wait(0xc000172ef0?)
	/usr/local/go/src/sync/cond.go:71 +0x85
6.5840/raft.(*Raft).applyLog(0xc0004eec80)
	/home/hmc/learngo/mit-6.5840-private/src/raft/raft.go:937 +0x26e
created by 6.5840/raft.Make in goroutine 8227
	/home/hmc/learngo/mit-6.5840-private/src/raft/raft.go:1073 +0x376

goroutine 74429 [chan receive, 9 minutes]:
6.5840/shardkv.(*ShardKV).PutAppend(0xc000c02360, 0xc000e2d9c0, 0xc00097da20)
	/home/hmc/learngo/mit-6.5840-private/src/shardkv/server.go:204 +0x2e5
reflect.Value.call({0xc000139310?, 0xc00057d4c8?, 0xc0002fbb18?}, {0x6aef4f, 0x4}, {0xc0002fbd20, 0x3, 0xc0002fbb48?})
	/usr/local/go/src/reflect/value.go:581 +0xca6
reflect.Value.Call({0xc000139310?, 0xc00057d4c8?, 0xc000c4b4c8?}, {0xc0002fbd20?, 0x475657?, 0x41ce85?})
	/usr/local/go/src/reflect/value.go:365 +0xb9
6.5840/labrpc.(*Service).dispatch(0xc000a93900, {0x6b2547, 0x9}, {{0x656d80, 0xc00097d7d0}, {0x6b253f, 0x11}, {0x71b0f8, 0x64c8a0}, {0xc0007a2780, ...}, ...})
	/home/hmc/learngo/mit-6.5840-private/src/labrpc/labrpc.go:506 +0x35f
6.5840/labrpc.(*Server).dispatch(0xc0006653c8, {{0x656d80, 0xc00097d7d0}, {0x6b253f, 0x11}, {0x71b0f8, 0x64c8a0}, {0xc0007a2780, 0x98, 0xa0}, ...})
	/home/hmc/learngo/mit-6.5840-private/src/labrpc/labrpc.go:430 +0x1e5
6.5840/labrpc.(*Network).processReq.func1()
	/home/hmc/learngo/mit-6.5840-private/src/labrpc/labrpc.go:240 +0x3f
created by 6.5840/labrpc.(*Network).processReq in goroutine 74428
	/home/hmc/learngo/mit-6.5840-private/src/labrpc/labrpc.go:239 +0x1d0

goroutine 8308 [sync.Cond.Wait, 9 minutes]:
sync.runtime_notifyListWait(0xc0004ef330, 0x1)
	/usr/local/go/src/runtime/sema.go:597 +0x159
sync.(*Cond).Wait(0xc000278ef0?)
	/usr/local/go/src/sync/cond.go:71 +0x85
6.5840/raft.(*Raft).applyLog(0xc0004ef2c0)
	/home/hmc/learngo/mit-6.5840-private/src/raft/raft.go:937 +0x26e
created by 6.5840/raft.Make in goroutine 8227
	/home/hmc/learngo/mit-6.5840-private/src/raft/raft.go:1073 +0x376

goroutine 30799 [chan receive, 9 minutes]:
6.5840/shardkv.(*ShardKV).applier(0xc0005466c0)
	/home/hmc/learngo/mit-6.5840-private/src/shardkv/server.go:408 +0x6a
created by 6.5840/shardkv.StartServer in goroutine 16536
	/home/hmc/learngo/mit-6.5840-private/src/shardkv/server.go:797 +0x456

goroutine 2960 [sync.Cond.Wait, 9 minutes]:
sync.runtime_notifyListWait(0xc000165d30, 0x1d)
	/usr/local/go/src/runtime/sema.go:597 +0x159
sync.(*Cond).Wait(0xc00061c6f0?)
	/usr/local/go/src/sync/cond.go:71 +0x85
6.5840/raft.(*Raft).applyLog(0xc000165cc0)
	/home/hmc/learngo/mit-6.5840-private/src/raft/raft.go:937 +0x26e
created by 6.5840/raft.Make in goroutine 2892
	/home/hmc/learngo/mit-6.5840-private/src/raft/raft.go:1073 +0x376

goroutine 2961 [chan receive, 9 minutes]:
6.5840/shardkv.(*ShardKV).applier(0xc0003210e0)
	/home/hmc/learngo/mit-6.5840-private/src/shardkv/server.go:408 +0x6a
created by 6.5840/shardkv.StartServer in goroutine 2892
	/home/hmc/learngo/mit-6.5840-private/src/shardkv/server.go:797 +0x456

goroutine 16540 [chan receive, 9 minutes]:
6.5840/shardctrler.(*ShardCtrler).applier(0xc00030fb00)
	/home/hmc/learngo/mit-6.5840-private/src/shardctrler/server.go:275 +0x6a
created by 6.5840/shardctrler.StartServer in goroutine 16536
	/home/hmc/learngo/mit-6.5840-private/src/shardctrler/server.go:561 +0x2e5

goroutine 42737 [chan receive, 9 minutes]:
6.5840/shardkv.(*ShardKV).applier(0xc000c02360)
	/home/hmc/learngo/mit-6.5840-private/src/shardkv/server.go:408 +0x6a
created by 6.5840/shardkv.StartServer in goroutine 42694
	/home/hmc/learngo/mit-6.5840-private/src/shardkv/server.go:797 +0x456

goroutine 74468 [chan receive, 9 minutes]:
6.5840/shardkv.(*ShardKV).PutAppend(0xc000c02360, 0xc000519b40, 0xc000d3c520)
	/home/hmc/learngo/mit-6.5840-private/src/shardkv/server.go:204 +0x2e5
reflect.Value.call({0xc000139310?, 0xc00057d4c8?, 0xc00091fb18?}, {0x6aef4f, 0x4}, {0xc00091fd20, 0x3, 0xc00091fb48?})
	/usr/local/go/src/reflect/value.go:581 +0xca6
reflect.Value.Call({0xc000139310?, 0xc00057d4c8?, 0xc000c66778?}, {0xc00091fd20?, 0x475657?, 0x2?})
	/usr/local/go/src/reflect/value.go:365 +0xb9
6.5840/labrpc.(*Service).dispatch(0xc000a93900, {0x6b2547, 0x9}, {{0x656d80, 0xc000cc27c0}, {0x6b253f, 0x11}, {0x71b0f8, 0x64c8a0}, {0xc0003b61e0, ...}, ...})
	/home/hmc/learngo/mit-6.5840-private/src/labrpc/labrpc.go:506 +0x35f
6.5840/labrpc.(*Server).dispatch(0xc0006653c8, {{0x656d80, 0xc000cc27c0}, {0x6b253f, 0x11}, {0x71b0f8, 0x64c8a0}, {0xc0003b61e0, 0x98, 0xa0}, ...})
	/home/hmc/learngo/mit-6.5840-private/src/labrpc/labrpc.go:430 +0x1e5
6.5840/labrpc.(*Network).processReq.func1()
	/home/hmc/learngo/mit-6.5840-private/src/labrpc/labrpc.go:240 +0x3f
created by 6.5840/labrpc.(*Network).processReq in goroutine 74467
	/home/hmc/learngo/mit-6.5840-private/src/labrpc/labrpc.go:239 +0x1d0

goroutine 8329 [sync.Cond.Wait, 9 minutes]:
sync.runtime_notifyListWait(0xc0004ef6f0, 0x1)
	/usr/local/go/src/runtime/sema.go:597 +0x159
sync.(*Cond).Wait(0xc0005b76f0?)
	/usr/local/go/src/sync/cond.go:71 +0x85
6.5840/raft.(*Raft).applyLog(0xc0004ef680)
	/home/hmc/learngo/mit-6.5840-private/src/raft/raft.go:937 +0x26e
created by 6.5840/raft.Make in goroutine 8227
	/home/hmc/learngo/mit-6.5840-private/src/raft/raft.go:1073 +0x376

goroutine 16579 [chan receive, 9 minutes]:
6.5840/shardkv.(*ShardKV).applier(0xc0000b6900)
	/home/hmc/learngo/mit-6.5840-private/src/shardkv/server.go:408 +0x6a
created by 6.5840/shardkv.StartServer in goroutine 16536
	/home/hmc/learngo/mit-6.5840-private/src/shardkv/server.go:797 +0x456

goroutine 767378 [sleep]:
time.Sleep(0x5f5e100)
	/usr/local/go/src/runtime/time.go:338 +0x165
6.5840/shardkv.(*ShardKV).queryConfig(0xc0067747e0)
	/home/hmc/learngo/mit-6.5840-private/src/shardkv/server.go:327 +0x2e
created by 6.5840/shardkv.StartServer in goroutine 81439
	/home/hmc/learngo/mit-6.5840-private/src/shardkv/server.go:803 +0x4e5

goroutine 1552697 [chan receive]:
6.5840/labrpc.(*ClientEnd).Call(0xc000a9daa0, {0x6b2a07?, 0x17?}, {0x64fd60, 0xc0051519c0}, {0x64fee0, 0xc0001ae0f0})
	/home/hmc/learngo/mit-6.5840-private/src/labrpc/labrpc.go:112 +0x226
6.5840/raft.(*Raft).sendApplyEntries(...)
	/home/hmc/learngo/mit-6.5840-private/src/raft/raft.go:544
6.5840/raft.(*Raft).sendApplyEntriesTo(0xc00066db80, 0x0, {0x1, 0x2, 0x6c06, 0x1, {0xc000123380, 0x8, 0x8}, 0x6c06})
	/home/hmc/learngo/mit-6.5840-private/src/raft/raft.go:709 +0x115
created by 6.5840/raft.(*Raft).sendHeartBeat in goroutine 1552602
	/home/hmc/learngo/mit-6.5840-private/src/raft/raft.go:824 +0x4e5

goroutine 270845 [chan receive, 9 minutes]:
6.5840/shardkv.(*ShardKV).applier(0xc000d24ea0)
	/home/hmc/learngo/mit-6.5840-private/src/shardkv/server.go:408 +0x6a
created by 6.5840/shardkv.StartServer in goroutine 81439
	/home/hmc/learngo/mit-6.5840-private/src/shardkv/server.go:797 +0x456

goroutine 7738 [sync.Cond.Wait, 9 minutes]:
sync.runtime_notifyListWait(0xc0004ee2f0, 0x0)
	/usr/local/go/src/runtime/sema.go:597 +0x159
sync.(*Cond).Wait(0x656d80?)
	/usr/local/go/src/sync/cond.go:71 +0x85
6.5840/raft.(*Raft).applyLog(0xc0004ee280)
	/home/hmc/learngo/mit-6.5840-private/src/raft/raft.go:937 +0x26e
created by 6.5840/raft.Make in goroutine 2892
	/home/hmc/learngo/mit-6.5840-private/src/raft/raft.go:1073 +0x376

goroutine 8236 [sync.Cond.Wait, 9 minutes]:
sync.runtime_notifyListWait(0xc0004eee30, 0xf2)
	/usr/local/go/src/runtime/sema.go:597 +0x159
sync.(*Cond).Wait(0xc000537ef0?)
	/usr/local/go/src/sync/cond.go:71 +0x85
6.5840/raft.(*Raft).applyLog(0xc0004eedc0)
	/home/hmc/learngo/mit-6.5840-private/src/raft/raft.go:937 +0x26e
created by 6.5840/raft.Make in goroutine 8227
	/home/hmc/learngo/mit-6.5840-private/src/raft/raft.go:1073 +0x376

goroutine 426329 [sync.Cond.Wait, 9 minutes]:
sync.runtime_notifyListWait(0xc0003e5470, 0x27e)
	/usr/local/go/src/runtime/sema.go:597 +0x159
sync.(*Cond).Wait(0xc004b87ef0?)
	/usr/local/go/src/sync/cond.go:71 +0x85
6.5840/raft.(*Raft).applyLog(0xc0003e5400)
	/home/hmc/learngo/mit-6.5840-private/src/raft/raft.go:937 +0x26e
created by 6.5840/raft.Make in goroutine 81439
	/home/hmc/learngo/mit-6.5840-private/src/raft/raft.go:1073 +0x376

goroutine 677327 [chan receive, 9 minutes]:
6.5840/shardkv.(*ShardKV).PutAppend(0xc0012fbd40, 0xc0042d0a40, 0xc0087fc570)
	/home/hmc/learngo/mit-6.5840-private/src/shardkv/server.go:204 +0x2e5
reflect.Value.call({0xc000139310?, 0xc006fafd58?, 0xc00b0f5b18?}, {0x6aef4f, 0x4}, {0xc00b0f5d20, 0x3, 0xc00b0f5b48?})
	/usr/local/go/src/reflect/value.go:581 +0xca6
reflect.Value.Call({0xc000139310?, 0xc006fafd58?, 0xc009983ce8?}, {0xc00b0f5d20?, 0x475657?, 0x43a947?})
	/usr/local/go/src/reflect/value.go:365 +0xb9
6.5840/labrpc.(*Service).dispatch(0xc0082bc100, {0x6b2547, 0x9}, {{0x656d80, 0xc009fb3b00}, {0x6b253f, 0x11}, {0x71b0f8, 0x64c8a0}, {0xc0084cd900, ...}, ...})
	/home/hmc/learngo/mit-6.5840-private/src/labrpc/labrpc.go:506 +0x35f
6.5840/labrpc.(*Server).dispatch(0xc009a67368, {{0x656d80, 0xc009fb3b00}, {0x6b253f, 0x11}, {0x71b0f8, 0x64c8a0}, {0xc0084cd900, 0x98, 0xa0}, ...})
	/home/hmc/learngo/mit-6.5840-private/src/labrpc/labrpc.go:430 +0x1e5
6.5840/labrpc.(*Network).processReq.func1()
	/home/hmc/learngo/mit-6.5840-private/src/labrpc/labrpc.go:240 +0x3f
created by 6.5840/labrpc.(*Network).processReq in goroutine 677326
	/home/hmc/learngo/mit-6.5840-private/src/labrpc/labrpc.go:239 +0x1d0

goroutine 16564 [sync.Cond.Wait, 9 minutes]:
sync.runtime_notifyListWait(0xc0000ca570, 0x178)
	/usr/local/go/src/runtime/sema.go:597 +0x159
sync.(*Cond).Wait(0xc000208460?)
	/usr/local/go/src/sync/cond.go:71 +0x85
6.5840/raft.(*Raft).applyLog(0xc0000ca500)
	/home/hmc/learngo/mit-6.5840-private/src/raft/raft.go:937 +0x26e
created by 6.5840/raft.Make in goroutine 16536
	/home/hmc/learngo/mit-6.5840-private/src/raft/raft.go:1073 +0x376

goroutine 7745 [sync.Cond.Wait, 9 minutes]:
sync.runtime_notifyListWait(0xc0004ee430, 0x0)
	/usr/local/go/src/runtime/sema.go:597 +0x159
sync.(*Cond).Wait(0x64fba0?)
	/usr/local/go/src/sync/cond.go:71 +0x85
6.5840/raft.(*Raft).applyLog(0xc0004ee3c0)
	/home/hmc/learngo/mit-6.5840-private/src/raft/raft.go:937 +0x26e
created by 6.5840/raft.Make in goroutine 2892
	/home/hmc/learngo/mit-6.5840-private/src/raft/raft.go:1073 +0x376

goroutine 30792 [chan receive, 9 minutes]:
6.5840/shardkv.(*ShardKV).applier(0xc0007138c0)
	/home/hmc/learngo/mit-6.5840-private/src/shardkv/server.go:408 +0x6a
created by 6.5840/shardkv.StartServer in goroutine 16536
	/home/hmc/learngo/mit-6.5840-private/src/shardkv/server.go:797 +0x456

goroutine 81495 [sync.Cond.Wait, 9 minutes]:
sync.runtime_notifyListWait(0xc0000cbbf0, 0xba)
	/usr/local/go/src/runtime/sema.go:597 +0x159
sync.(*Cond).Wait(0xc000d65b80?)
	/usr/local/go/src/sync/cond.go:71 +0x85
6.5840/raft.(*Raft).applyLog(0xc0000cbb80)
	/home/hmc/learngo/mit-6.5840-private/src/raft/raft.go:937 +0x26e
created by 6.5840/raft.Make in goroutine 81439
	/home/hmc/learngo/mit-6.5840-private/src/raft/raft.go:1073 +0x376

goroutine 42743 [chan receive, 9 minutes]:
6.5840/shardkv.(*ShardKV).applier(0xc000c026c0)
	/home/hmc/learngo/mit-6.5840-private/src/shardkv/server.go:408 +0x6a
created by 6.5840/shardkv.StartServer in goroutine 42694
	/home/hmc/learngo/mit-6.5840-private/src/shardkv/server.go:797 +0x456

goroutine 124000 [sync.Cond.Wait, 9 minutes]:
sync.runtime_notifyListWait(0xc0003e4e30, 0x2ce)
	/usr/local/go/src/runtime/sema.go:597 +0x159
sync.(*Cond).Wait(0xc00153e5a0?)
	/usr/local/go/src/sync/cond.go:71 +0x85
6.5840/raft.(*Raft).applyLog(0xc0003e4dc0)
	/home/hmc/learngo/mit-6.5840-private/src/raft/raft.go:937 +0x26e
created by 6.5840/raft.Make in goroutine 81439
	/home/hmc/learngo/mit-6.5840-private/src/raft/raft.go:1073 +0x376

goroutine 30676 [sync.Cond.Wait, 9 minutes]:
sync.runtime_notifyListWait(0xc0000cb0b0, 0x116)
	/usr/local/go/src/runtime/sema.go:597 +0x159
sync.(*Cond).Wait(0xc0001946f0?)
	/usr/local/go/src/sync/cond.go:71 +0x85
6.5840/raft.(*Raft).applyLog(0xc0000cb040)
	/home/hmc/learngo/mit-6.5840-private/src/raft/raft.go:937 +0x26e
created by 6.5840/raft.Make in goroutine 16536
	/home/hmc/learngo/mit-6.5840-private/src/raft/raft.go:1073 +0x376

goroutine 81462 [chan receive]:
6.5840/shardctrler.(*ShardCtrler).applier(0xc0005d64e0)
	/home/hmc/learngo/mit-6.5840-private/src/shardctrler/server.go:275 +0x6a
created by 6.5840/shardctrler.StartServer in goroutine 81439
	/home/hmc/learngo/mit-6.5840-private/src/shardctrler/server.go:561 +0x2e5

goroutine 270859 [chan receive, 9 minutes]:
6.5840/labrpc.(*Network).processReq.func2()
	/home/hmc/learngo/mit-6.5840-private/src/labrpc/labrpc.go:258 +0x19
created by 6.5840/labrpc.(*Network).processReq in goroutine 270724
	/home/hmc/learngo/mit-6.5840-private/src/labrpc/labrpc.go:257 +0x48f

goroutine 75555 [chan receive, 9 minutes]:
6.5840/shardkv.(*ShardKV).applier(0xc00095d9e0)
	/home/hmc/learngo/mit-6.5840-private/src/shardkv/server.go:408 +0x6a
created by 6.5840/shardkv.StartServer in goroutine 42694
	/home/hmc/learngo/mit-6.5840-private/src/shardkv/server.go:797 +0x456

goroutine 81482 [chan receive, 9 minutes]:
6.5840/shardkv.(*ShardKV).applier(0xc000a9afc0)
	/home/hmc/learngo/mit-6.5840-private/src/shardkv/server.go:408 +0x6a
created by 6.5840/shardkv.StartServer in goroutine 81439
	/home/hmc/learngo/mit-6.5840-private/src/shardkv/server.go:797 +0x456

goroutine 7717 [sync.Cond.Wait, 9 minutes]:
sync.runtime_notifyListWait(0xc000165e70, 0xf)
	/usr/local/go/src/runtime/sema.go:597 +0x159
sync.(*Cond).Wait(0xc0002026f0?)
	/usr/local/go/src/sync/cond.go:71 +0x85
6.5840/raft.(*Raft).applyLog(0xc000165e00)
	/home/hmc/learngo/mit-6.5840-private/src/raft/raft.go:937 +0x26e
created by 6.5840/raft.Make in goroutine 2892
	/home/hmc/learngo/mit-6.5840-private/src/raft/raft.go:1073 +0x376

goroutine 8301 [sync.Cond.Wait, 9 minutes]:
sync.runtime_notifyListWait(0xc0004ef1f0, 0x4d)
	/usr/local/go/src/runtime/sema.go:597 +0x159
sync.(*Cond).Wait(0xc00027b6f0?)
	/usr/local/go/src/sync/cond.go:71 +0x85
6.5840/raft.(*Raft).applyLog(0xc0004ef180)
	/home/hmc/learngo/mit-6.5840-private/src/raft/raft.go:937 +0x26e
created by 6.5840/raft.Make in goroutine 8227
	/home/hmc/learngo/mit-6.5840-private/src/raft/raft.go:1073 +0x376

goroutine 30297 [chan receive, 9 minutes]:
6.5840/labrpc.(*Network).processReq.func2()
	/home/hmc/learngo/mit-6.5840-private/src/labrpc/labrpc.go:258 +0x19
created by 6.5840/labrpc.(*Network).processReq in goroutine 29556
	/home/hmc/learngo/mit-6.5840-private/src/labrpc/labrpc.go:257 +0x48f

goroutine 706745 [chan receive, 9 minutes]:
6.5840/shardkv.(*ShardKV).applier(0xc001468360)
	/home/hmc/learngo/mit-6.5840-private/src/shardkv/server.go:408 +0x6a
created by 6.5840/shardkv.StartServer in goroutine 81439
	/home/hmc/learngo/mit-6.5840-private/src/shardkv/server.go:797 +0x456

goroutine 16543 [chan receive, 9 minutes]:
6.5840/shardctrler.(*ShardCtrler).applier(0xc00030fc20)
	/home/hmc/learngo/mit-6.5840-private/src/shardctrler/server.go:275 +0x6a
created by 6.5840/shardctrler.StartServer in goroutine 16536
	/home/hmc/learngo/mit-6.5840-private/src/shardctrler/server.go:561 +0x2e5

goroutine 8322 [sync.Cond.Wait, 9 minutes]:
sync.runtime_notifyListWait(0xc0004ef5b0, 0x3a)
	/usr/local/go/src/runtime/sema.go:597 +0x159
sync.(*Cond).Wait(0xc000575ef0?)
	/usr/local/go/src/sync/cond.go:71 +0x85
6.5840/raft.(*Raft).applyLog(0xc0004ef540)
	/home/hmc/learngo/mit-6.5840-private/src/raft/raft.go:937 +0x26e
created by 6.5840/raft.Make in goroutine 8227
	/home/hmc/learngo/mit-6.5840-private/src/raft/raft.go:1073 +0x376

goroutine 82206 [sleep]:
time.Sleep(0x5f5e100)
	/usr/local/go/src/runtime/time.go:338 +0x165
6.5840/shardkv.(*Clerk).PutAppend(0xc0003aa300, {0x6b9e32, 0x1}, {0xc00a178970, 0x1}, {0x6af26a, 0x6})
	/home/hmc/learngo/mit-6.5840-private/src/shardkv/client.go:126 +0x1c9
6.5840/shardkv.(*Clerk).Append(...)
	/home/hmc/learngo/mit-6.5840-private/src/shardkv/client.go:136
6.5840/shardkv.TestConcurrent3_5B.func1(0x0, 0xc0003aa300)
	/home/hmc/learngo/mit-6.5840-private/src/shardkv/test_test.go:583 +0x132
created by 6.5840/shardkv.TestConcurrent3_5B in goroutine 81439
	/home/hmc/learngo/mit-6.5840-private/src/shardkv/test_test.go:590 +0x317

goroutine 16542 [sync.Cond.Wait, 9 minutes]:
sync.runtime_notifyListWait(0xc0000ca2f0, 0xde)
	/usr/local/go/src/runtime/sema.go:597 +0x159
sync.(*Cond).Wait(0xc00079def0?)
	/usr/local/go/src/sync/cond.go:71 +0x85
6.5840/raft.(*Raft).applyLog(0xc0000ca280)
	/home/hmc/learngo/mit-6.5840-private/src/raft/raft.go:937 +0x26e
created by 6.5840/raft.Make in goroutine 16536
	/home/hmc/learngo/mit-6.5840-private/src/raft/raft.go:1073 +0x376

goroutine 270739 [chan receive, 9 minutes]:
6.5840/shardkv.(*ShardKV).PutAppend(0xc0023538c0, 0xc005b59740, 0xc004c0b1b0)
	/home/hmc/learngo/mit-6.5840-private/src/shardkv/server.go:204 +0x2e5
reflect.Value.call({0xc000139310?, 0xc001748c48?, 0xc0013d5b18?}, {0x6aef4f, 0x4}, {0xc0013d5d20, 0x3, 0xc0013d5b48?})
	/usr/local/go/src/reflect/value.go:581 +0xca6
reflect.Value.Call({0xc000139310?, 0xc001748c48?, 0xc0034ff0b0?}, {0xc0013d5d20?, 0x475657?, 0x8d94e8?})
	/usr/local/go/src/reflect/value.go:365 +0xb9
6.5840/labrpc.(*Service).dispatch(0xc002ca9980, {0x6b2547, 0x9}, {{0x656d80, 0xc004c0ad90}, {0x6b253f, 0x11}, {0x71b0f8, 0x64c8a0}, {0xc0003b6280, ...}, ...})
	/home/hmc/learngo/mit-6.5840-private/src/labrpc/labrpc.go:506 +0x35f
6.5840/labrpc.(*Server).dispatch(0xc002c2b230, {{0x656d80, 0xc004c0ad90}, {0x6b253f, 0x11}, {0x71b0f8, 0x64c8a0}, {0xc0003b6280, 0x98, 0xa0}, ...})
	/home/hmc/learngo/mit-6.5840-private/src/labrpc/labrpc.go:430 +0x1e5
6.5840/labrpc.(*Network).processReq.func1()
	/home/hmc/learngo/mit-6.5840-private/src/labrpc/labrpc.go:240 +0x3f
created by 6.5840/labrpc.(*Network).processReq in goroutine 270738
	/home/hmc/learngo/mit-6.5840-private/src/labrpc/labrpc.go:239 +0x1d0

goroutine 123993 [sync.Cond.Wait, 9 minutes]:
sync.runtime_notifyListWait(0xc0003e4cf0, 0x3ad)
	/usr/local/go/src/runtime/sema.go:597 +0x159
sync.(*Cond).Wait(0xc00329bef0?)
	/usr/local/go/src/sync/cond.go:71 +0x85
6.5840/raft.(*Raft).applyLog(0xc0003e4c80)
	/home/hmc/learngo/mit-6.5840-private/src/raft/raft.go:937 +0x26e
created by 6.5840/raft.Make in goroutine 81439
	/home/hmc/learngo/mit-6.5840-private/src/raft/raft.go:1073 +0x376

goroutine 545528 [chan receive, 9 minutes]:
6.5840/shardkv.(*ShardKV).PutAppend(0xc0014699e0, 0xc006848ec0, 0xc006b33040)
	/home/hmc/learngo/mit-6.5840-private/src/shardkv/server.go:204 +0x2e5
reflect.Value.call({0xc000139310?, 0xc002a004c8?, 0xc0056c7b18?}, {0x6aef4f, 0x4}, {0xc0056c7d20, 0x3, 0xc0056c7b48?})
	/usr/local/go/src/reflect/value.go:581 +0xca6
reflect.Value.Call({0xc000139310?, 0xc002a004c8?, 0xc006636980?}, {0xc0056c7d20?, 0x475657?, 0x43a947?})
	/usr/local/go/src/reflect/value.go:365 +0xb9
6.5840/labrpc.(*Service).dispatch(0xc006c388c0, {0x6b2547, 0x9}, {{0x656d80, 0xc006b32780}, {0x6b253f, 0x11}, {0x71b0f8, 0x64c8a0}, {0xc006668140, ...}, ...})
	/home/hmc/learngo/mit-6.5840-private/src/labrpc/labrpc.go:506 +0x35f
6.5840/labrpc.(*Server).dispatch(0xc0024babe8, {{0x656d80, 0xc006b32780}, {0x6b253f, 0x11}, {0x71b0f8, 0x64c8a0}, {0xc006668140, 0x98, 0xa0}, ...})
	/home/hmc/learngo/mit-6.5840-private/src/labrpc/labrpc.go:430 +0x1e5
6.5840/labrpc.(*Network).processReq.func1()
	/home/hmc/learngo/mit-6.5840-private/src/labrpc/labrpc.go:240 +0x3f
created by 6.5840/labrpc.(*Network).processReq in goroutine 545527
	/home/hmc/learngo/mit-6.5840-private/src/labrpc/labrpc.go:239 +0x1d0

goroutine 7752 [sync.Cond.Wait, 9 minutes]:
sync.runtime_notifyListWait(0xc0004ee570, 0x0)
	/usr/local/go/src/runtime/sema.go:597 +0x159
sync.(*Cond).Wait(0x9?)
	/usr/local/go/src/sync/cond.go:71 +0x85
6.5840/raft.(*Raft).applyLog(0xc0004ee500)
	/home/hmc/learngo/mit-6.5840-private/src/raft/raft.go:937 +0x26e
created by 6.5840/raft.Make in goroutine 2892
	/home/hmc/learngo/mit-6.5840-private/src/raft/raft.go:1073 +0x376

goroutine 7753 [chan receive, 9 minutes]:
6.5840/shardkv.(*ShardKV).applier(0xc0001638c0)
	/home/hmc/learngo/mit-6.5840-private/src/shardkv/server.go:408 +0x6a
created by 6.5840/shardkv.StartServer in goroutine 2892
	/home/hmc/learngo/mit-6.5840-private/src/shardkv/server.go:797 +0x456

goroutine 81488 [sync.Cond.Wait, 9 minutes]:
sync.runtime_notifyListWait(0xc0000cbab0, 0xa5)
	/usr/local/go/src/runtime/sema.go:597 +0x159
sync.(*Cond).Wait(0xc000f26d20?)
	/usr/local/go/src/sync/cond.go:71 +0x85
6.5840/raft.(*Raft).applyLog(0xc0000cba40)
	/home/hmc/learngo/mit-6.5840-private/src/raft/raft.go:937 +0x26e
created by 6.5840/raft.Make in goroutine 81439
	/home/hmc/learngo/mit-6.5840-private/src/raft/raft.go:1073 +0x376

goroutine 767351 [select]:
6.5840/shardctrler.(*Clerk).makeCall(0xc00acd92f0, 0x2, {0x6b29e5, 0x11}, {0x64fba0, 0xc001058858}, {0x64fce0, 0xc005a52400})
	/home/hmc/learngo/mit-6.5840-private/src/shardctrler/client.go:169 +0x178
6.5840/shardctrler.(*Clerk).Query(0xc00acd92f0, 0x1e)
	/home/hmc/learngo/mit-6.5840-private/src/shardctrler/client.go:54 +0xfd
6.5840/shardkv.(*ShardKV).tryReqShardData(0xc009e610e0)
	/home/hmc/learngo/mit-6.5840-private/src/shardkv/server.go:355 +0x1bb
created by 6.5840/shardkv.StartServer in goroutine 81439
	/home/hmc/learngo/mit-6.5840-private/src/shardkv/server.go:804 +0x525

goroutine 16283 [chan receive, 9 minutes]:
6.5840/shardkv.(*ShardKV).applier(0xc0000b7440)
	/home/hmc/learngo/mit-6.5840-private/src/shardkv/server.go:408 +0x6a
created by 6.5840/shardkv.StartServer in goroutine 8227
	/home/hmc/learngo/mit-6.5840-private/src/shardkv/server.go:797 +0x456

goroutine 7759 [sync.Cond.Wait, 9 minutes]:
sync.runtime_notifyListWait(0xc0004ee6b0, 0x7)
	/usr/local/go/src/runtime/sema.go:597 +0x159
sync.(*Cond).Wait(0xc0001de410?)
	/usr/local/go/src/sync/cond.go:71 +0x85
6.5840/raft.(*Raft).applyLog(0xc0004ee640)
	/home/hmc/learngo/mit-6.5840-private/src/raft/raft.go:937 +0x26e
created by 6.5840/raft.Make in goroutine 2892
	/home/hmc/learngo/mit-6.5840-private/src/raft/raft.go:1073 +0x376

goroutine 7760 [chan receive, 9 minutes]:
6.5840/shardkv.(*ShardKV).applier(0xc0003c67e0)
	/home/hmc/learngo/mit-6.5840-private/src/shardkv/server.go:408 +0x6a
created by 6.5840/shardkv.StartServer in goroutine 2892
	/home/hmc/learngo/mit-6.5840-private/src/shardkv/server.go:797 +0x456

goroutine 29557 [chan receive, 9 minutes]:
6.5840/shardkv.(*ShardKV).PutAppend(0xc0000b67e0, 0xc0000f0140, 0xc00044d420)
	/home/hmc/learngo/mit-6.5840-private/src/shardkv/server.go:204 +0x2e5
reflect.Value.call({0xc000139310?, 0xc000494108?, 0xc0006bdb18?}, {0x6aef4f, 0x4}, {0xc0006bdd20, 0x3, 0xc0006bdb48?})
	/usr/local/go/src/reflect/value.go:581 +0xca6
reflect.Value.Call({0xc000139310?, 0xc000494108?, 0xc000495c10?}, {0xc0006bdd20?, 0x475657?, 0x43a947?})
	/usr/local/go/src/reflect/value.go:365 +0xb9
6.5840/labrpc.(*Service).dispatch(0xc0001a3a40, {0x6b2547, 0x9}, {{0x656d80, 0xc0006d33e0}, {0x6b253f, 0x11}, {0x71b0f8, 0x64c8a0}, {0xc0008e2320, ...}, ...})
	/home/hmc/learngo/mit-6.5840-private/src/labrpc/labrpc.go:506 +0x35f
6.5840/labrpc.(*Server).dispatch(0xc0004dfd88, {{0x656d80, 0xc0006d33e0}, {0x6b253f, 0x11}, {0x71b0f8, 0x64c8a0}, {0xc0008e2320, 0x9b, 0xa0}, ...})
	/home/hmc/learngo/mit-6.5840-private/src/labrpc/labrpc.go:430 +0x1e5
6.5840/labrpc.(*Network).processReq.func1()
	/home/hmc/learngo/mit-6.5840-private/src/labrpc/labrpc.go:240 +0x3f
created by 6.5840/labrpc.(*Network).processReq in goroutine 29556
	/home/hmc/learngo/mit-6.5840-private/src/labrpc/labrpc.go:239 +0x1d0

goroutine 706738 [chan receive, 9 minutes]:
6.5840/shardkv.(*ShardKV).applier(0xc004933b00)
	/home/hmc/learngo/mit-6.5840-private/src/shardkv/server.go:408 +0x6a
created by 6.5840/shardkv.StartServer in goroutine 81439
	/home/hmc/learngo/mit-6.5840-private/src/shardkv/server.go:797 +0x456

goroutine 75485 [chan receive, 9 minutes]:
6.5840/shardkv.(*ShardKV).applier(0xc000dc7d40)
	/home/hmc/learngo/mit-6.5840-private/src/shardkv/server.go:408 +0x6a
created by 6.5840/shardkv.StartServer in goroutine 42694
	/home/hmc/learngo/mit-6.5840-private/src/shardkv/server.go:797 +0x456

goroutine 7766 [sync.Cond.Wait, 9 minutes]:
sync.runtime_notifyListWait(0xc0004ee7f0, 0xf)
	/usr/local/go/src/runtime/sema.go:597 +0x159
sync.(*Cond).Wait(0xc0005376f0?)
	/usr/local/go/src/sync/cond.go:71 +0x85
6.5840/raft.(*Raft).applyLog(0xc0004ee780)
	/home/hmc/learngo/mit-6.5840-private/src/raft/raft.go:937 +0x26e
created by 6.5840/raft.Make in goroutine 2892
	/home/hmc/learngo/mit-6.5840-private/src/raft/raft.go:1073 +0x376

goroutine 7767 [chan receive, 9 minutes]:
6.5840/shardkv.(*ShardKV).applier(0xc0003c7b00)
	/home/hmc/learngo/mit-6.5840-private/src/shardkv/server.go:408 +0x6a
created by 6.5840/shardkv.StartServer in goroutine 2892
	/home/hmc/learngo/mit-6.5840-private/src/shardkv/server.go:797 +0x456

goroutine 767463 [chan receive, 9 minutes]:
6.5840/labrpc.(*Network).processReq.func2()
	/home/hmc/learngo/mit-6.5840-private/src/labrpc/labrpc.go:258 +0x19
created by 6.5840/labrpc.(*Network).processReq in goroutine 767250
	/home/hmc/learngo/mit-6.5840-private/src/labrpc/labrpc.go:257 +0x48f

goroutine 767482 [chan receive, 9 minutes]:
6.5840/labrpc.(*Network).processReq.func2()
	/home/hmc/learngo/mit-6.5840-private/src/labrpc/labrpc.go:258 +0x19
created by 6.5840/labrpc.(*Network).processReq in goroutine 767273
	/home/hmc/learngo/mit-6.5840-private/src/labrpc/labrpc.go:257 +0x48f

goroutine 42742 [sync.Cond.Wait, 9 minutes]:
sync.runtime_notifyListWait(0xc00066d5b0, 0x12f)
	/usr/local/go/src/runtime/sema.go:597 +0x159
sync.(*Cond).Wait(0xc0002066f0?)
	/usr/local/go/src/sync/cond.go:71 +0x85
6.5840/raft.(*Raft).applyLog(0xc00066d540)
	/home/hmc/learngo/mit-6.5840-private/src/raft/raft.go:937 +0x26e
created by 6.5840/raft.Make in goroutine 42694
	/home/hmc/learngo/mit-6.5840-private/src/raft/raft.go:1073 +0x376

goroutine 545615 [sync.Mutex.Lock, 9 minutes]:
internal/sync.runtime_SemacquireMutex(0xc006250ed8?, 0xe0?, 0xc000036008?)
	/usr/local/go/src/runtime/sema.go:95 +0x25
internal/sync.(*Mutex).lockSlow(0xc0014699e0)
	/usr/local/go/src/internal/sync/mutex.go:149 +0x15d
internal/sync.(*Mutex).Lock(...)
	/usr/local/go/src/internal/sync/mutex.go:70
sync.(*Mutex).Lock(...)
	/usr/local/go/src/sync/mutex.go:46
6.5840/shardkv.(*ShardKV).PutAppend(0xc0014699e0, 0xc0051ed1c0, 0xc0075b1940)
	/home/hmc/learngo/mit-6.5840-private/src/shardkv/server.go:181 +0xf5
reflect.Value.call({0xc000139310?, 0xc002a004c8?, 0xc002f5fb18?}, {0x6aef4f, 0x4}, {0xc002f5fd20, 0x3, 0xc002f5fb48?})
	/usr/local/go/src/reflect/value.go:581 +0xca6
reflect.Value.Call({0xc000139310?, 0xc002a004c8?, 0xc006b16728?}, {0xc002f5fd20?, 0x475657?, 0x43a947?})
	/usr/local/go/src/reflect/value.go:365 +0xb9
6.5840/labrpc.(*Service).dispatch(0xc006c388c0, {0x6b2547, 0x9}, {{0x656d80, 0xc0075b1150}, {0x6b253f, 0x11}, {0x71b0f8, 0x64c8a0}, {0xc0066686e0, ...}, ...})
	/home/hmc/learngo/mit-6.5840-private/src/labrpc/labrpc.go:506 +0x35f
6.5840/labrpc.(*Server).dispatch(0xc0024babe8, {{0x656d80, 0xc0075b1150}, {0x6b253f, 0x11}, {0x71b0f8, 0x64c8a0}, {0xc0066686e0, 0x98, 0xa0}, ...})
	/home/hmc/learngo/mit-6.5840-private/src/labrpc/labrpc.go:430 +0x1e5
6.5840/labrpc.(*Network).processReq.func1()
	/home/hmc/learngo/mit-6.5840-private/src/labrpc/labrpc.go:240 +0x3f
created by 6.5840/labrpc.(*Network).processReq in goroutine 545614
	/home/hmc/learngo/mit-6.5840-private/src/labrpc/labrpc.go:239 +0x1d0

goroutine 545767 [chan receive, 9 minutes]:
6.5840/labrpc.(*Network).processReq.func2()
	/home/hmc/learngo/mit-6.5840-private/src/labrpc/labrpc.go:258 +0x19
created by 6.5840/labrpc.(*Network).processReq in goroutine 545556
	/home/hmc/learngo/mit-6.5840-private/src/labrpc/labrpc.go:257 +0x48f

goroutine 7773 [sync.Cond.Wait, 9 minutes]:
sync.runtime_notifyListWait(0xc0004ee930, 0x8)
	/usr/local/go/src/runtime/sema.go:597 +0x159
sync.(*Cond).Wait(0xc000176ef0?)
	/usr/local/go/src/sync/cond.go:71 +0x85
6.5840/raft.(*Raft).applyLog(0xc0004ee8c0)
	/home/hmc/learngo/mit-6.5840-private/src/raft/raft.go:937 +0x26e
created by 6.5840/raft.Make in goroutine 2892
	/home/hmc/learngo/mit-6.5840-private/src/raft/raft.go:1073 +0x376

goroutine 7774 [chan receive, 9 minutes]:
6.5840/shardkv.(*ShardKV).applier(0xc0002c4360)
	/home/hmc/learngo/mit-6.5840-private/src/shardkv/server.go:408 +0x6a
created by 6.5840/shardkv.StartServer in goroutine 2892
	/home/hmc/learngo/mit-6.5840-private/src/shardkv/server.go:797 +0x456

goroutine 677579 [sync.Cond.Wait, 9 minutes]:
sync.runtime_notifyListWait(0xc00a22c1b0, 0x76)
	/usr/local/go/src/runtime/sema.go:597 +0x159
sync.(*Cond).Wait(0xc001e43ef0?)
	/usr/local/go/src/sync/cond.go:71 +0x85
6.5840/raft.(*Raft).applyLog(0xc00a22c140)
	/home/hmc/learngo/mit-6.5840-private/src/raft/raft.go:937 +0x26e
created by 6.5840/raft.Make in goroutine 81439
	/home/hmc/learngo/mit-6.5840-private/src/raft/raft.go:1073 +0x376

goroutine 338259 [sync.Mutex.Lock, 9 minutes]:
internal/sync.runtime_SemacquireMutex(0x71b0f8?, 0x80?, 0xc00003cf08?)
	/usr/local/go/src/runtime/sema.go:95 +0x25
internal/sync.(*Mutex).lockSlow(0xc001d44a20)
	/usr/local/go/src/internal/sync/mutex.go:149 +0x15d
internal/sync.(*Mutex).Lock(...)
	/usr/local/go/src/internal/sync/mutex.go:70
sync.(*Mutex).Lock(...)
	/usr/local/go/src/sync/mutex.go:46
6.5840/shardkv.(*ShardKV).PutAppend(0xc001d44a20, 0xc002970bc0, 0xc005c9f1b0)
	/home/hmc/learngo/mit-6.5840-private/src/shardkv/server.go:181 +0xf5
reflect.Value.call({0xc000139310?, 0xc001620168?, 0xc000ea5b18?}, {0x6aef4f, 0x4}, {0xc000ea5d20, 0x3, 0xc000ea5b48?})
	/usr/local/go/src/reflect/value.go:581 +0xca6
reflect.Value.Call({0xc000139310?, 0xc001620168?, 0xc0052331f0?}, {0xc000ea5d20?, 0x475657?, 0x43a947?})
	/usr/local/go/src/reflect/value.go:365 +0xb9
6.5840/labrpc.(*Service).dispatch(0xc000b07b80, {0x6b2547, 0x9}, {{0x656d80, 0xc005c9ed40}, {0x6b253f, 0x11}, {0x71b0f8, 0x64c8a0}, {0xc002314fa0, ...}, ...})
	/home/hmc/learngo/mit-6.5840-private/src/labrpc/labrpc.go:506 +0x35f
6.5840/labrpc.(*Server).dispatch(0xc0011b7080, {{0x656d80, 0xc005c9ed40}, {0x6b253f, 0x11}, {0x71b0f8, 0x64c8a0}, {0xc002314fa0, 0x98, 0xa0}, ...})
	/home/hmc/learngo/mit-6.5840-private/src/labrpc/labrpc.go:430 +0x1e5
6.5840/labrpc.(*Network).processReq.func1()
	/home/hmc/learngo/mit-6.5840-private/src/labrpc/labrpc.go:240 +0x3f
created by 6.5840/labrpc.(*Network).processReq in goroutine 338258
	/home/hmc/learngo/mit-6.5840-private/src/labrpc/labrpc.go:239 +0x1d0

goroutine 338276 [chan receive, 9 minutes]:
6.5840/shardkv.(*ShardKV).PutAppend(0xc004b22900, 0xc00294fd00, 0xc002768c40)
	/home/hmc/learngo/mit-6.5840-private/src/shardkv/server.go:204 +0x2e5
reflect.Value.call({0xc000139310?, 0xc000cd6de0?, 0xc000ea1b18?}, {0x6aef4f, 0x4}, {0xc000ea1d20, 0x3, 0xc000ea1b48?})
	/usr/local/go/src/reflect/value.go:581 +0xca6
reflect.Value.Call({0xc000139310?, 0xc000cd6de0?, 0xc005bec820?}, {0xc000ea1d20?, 0x475657?, 0x43a947?})
	/usr/local/go/src/reflect/value.go:365 +0xb9
6.5840/labrpc.(*Service).dispatch(0xc005ca1800, {0x6b2547, 0x9}, {{0x656d80, 0xc004bebc30}, {0x6b253f, 0x11}, {0x71b0f8, 0x64c8a0}, {0xc004a4a460, ...}, ...})
	/home/hmc/learngo/mit-6.5840-private/src/labrpc/labrpc.go:506 +0x35f
6.5840/labrpc.(*Server).dispatch(0xc0024bb440, {{0x656d80, 0xc004bebc30}, {0x6b253f, 0x11}, {0x71b0f8, 0x64c8a0}, {0xc004a4a460, 0x98, 0xa0}, ...})
	/home/hmc/learngo/mit-6.5840-private/src/labrpc/labrpc.go:430 +0x1e5
6.5840/labrpc.(*Network).processReq.func1()
	/home/hmc/learngo/mit-6.5840-private/src/labrpc/labrpc.go:240 +0x3f
created by 6.5840/labrpc.(*Network).processReq in goroutine 338275
	/home/hmc/learngo/mit-6.5840-private/src/labrpc/labrpc.go:239 +0x1d0

goroutine 8323 [chan receive, 9 minutes]:
6.5840/shardkv.(*ShardKV).applier(0xc000517d40)
	/home/hmc/learngo/mit-6.5840-private/src/shardkv/server.go:408 +0x6a
created by 6.5840/shardkv.StartServer in goroutine 8227
	/home/hmc/learngo/mit-6.5840-private/src/shardkv/server.go:797 +0x456

goroutine 16572 [chan receive, 9 minutes]:
6.5840/shardkv.(*ShardKV).applier(0xc0000b67e0)
	/home/hmc/learngo/mit-6.5840-private/src/shardkv/server.go:408 +0x6a
created by 6.5840/shardkv.StartServer in goroutine 16536
	/home/hmc/learngo/mit-6.5840-private/src/shardkv/server.go:797 +0x456

goroutine 767349 [sync.Mutex.Lock]:
internal/sync.runtime_SemacquireMutex(0x7c?, 0x68?, 0x5f8c18?)
	/usr/local/go/src/runtime/sema.go:95 +0x25
internal/sync.(*Mutex).lockSlow(0xc009e610e0)
	/usr/local/go/src/internal/sync/mutex.go:149 +0x15d
internal/sync.(*Mutex).Lock(...)
	/usr/local/go/src/internal/sync/mutex.go:70
sync.(*Mutex).Lock(...)
	/usr/local/go/src/sync/mutex.go:46
6.5840/shardkv.(*ShardKV).makeSnapshot(0xc009e610e0)
	/home/hmc/learngo/mit-6.5840-private/src/shardkv/server.go:585 +0x98
created by 6.5840/shardkv.StartServer in goroutine 81439
	/home/hmc/learngo/mit-6.5840-private/src/shardkv/server.go:800 +0x4a5

goroutine 767329 [sync.Mutex.Lock]:
internal/sync.runtime_SemacquireMutex(0x600cf8?, 0x0?, 0x1000000000002?)
	/usr/local/go/src/runtime/sema.go:95 +0x25
internal/sync.(*Mutex).lockSlow(0xc0076d78c0)
	/usr/local/go/src/internal/sync/mutex.go:149 +0x15d
internal/sync.(*Mutex).Lock(...)
	/usr/local/go/src/internal/sync/mutex.go:70
sync.(*Mutex).Lock(...)
	/usr/local/go/src/sync/mutex.go:46
6.5840/shardkv.(*ShardKV).queryConfig(0xc0076d78c0)
	/home/hmc/learngo/mit-6.5840-private/src/shardkv/server.go:316 +0x6c
created by 6.5840/shardkv.StartServer in goroutine 81439
	/home/hmc/learngo/mit-6.5840-private/src/shardkv/server.go:803 +0x4e5

goroutine 1552607 [chan receive]:
6.5840/labrpc.(*ClientEnd).Call(0xc0016265c0, {0x6b29e5?, 0x71b0f8?}, {0x64fba0, 0xc0009d80a8}, {0x64fce0, 0xc002034100})
	/home/hmc/learngo/mit-6.5840-private/src/labrpc/labrpc.go:112 +0x226
6.5840/shardctrler.(*Clerk).makeCall.func1()
	/home/hmc/learngo/mit-6.5840-private/src/shardctrler/client.go:167 +0x4c
created by 6.5840/shardctrler.(*Clerk).makeCall in goroutine 82207
	/home/hmc/learngo/mit-6.5840-private/src/shardctrler/client.go:166 +0x128

goroutine 545668 [chan receive, 9 minutes]:
6.5840/shardkv.(*ShardKV).applier(0xc001177560)
	/home/hmc/learngo/mit-6.5840-private/src/shardkv/server.go:408 +0x6a
created by 6.5840/shardkv.StartServer in goroutine 81439
	/home/hmc/learngo/mit-6.5840-private/src/shardkv/server.go:797 +0x456

goroutine 16289 [sync.Cond.Wait, 9 minutes]:
sync.runtime_notifyListWait(0xc0000ca1b0, 0x2)
	/usr/local/go/src/runtime/sema.go:597 +0x159
sync.(*Cond).Wait(0xc0002056f0?)
	/usr/local/go/src/sync/cond.go:71 +0x85
6.5840/raft.(*Raft).applyLog(0xc0000ca140)
	/home/hmc/learngo/mit-6.5840-private/src/raft/raft.go:937 +0x26e
created by 6.5840/raft.Make in goroutine 8227
	/home/hmc/learngo/mit-6.5840-private/src/raft/raft.go:1073 +0x376

goroutine 81503 [chan receive, 9 minutes]:
6.5840/shardkv.(*ShardKV).applier(0xc000a9b560)
	/home/hmc/learngo/mit-6.5840-private/src/shardkv/server.go:408 +0x6a
created by 6.5840/shardkv.StartServer in goroutine 81439
	/home/hmc/learngo/mit-6.5840-private/src/shardkv/server.go:797 +0x456

goroutine 8343 [sync.Cond.Wait, 9 minutes]:
sync.runtime_notifyListWait(0xc0004ef970, 0x3d)
	/usr/local/go/src/runtime/sema.go:597 +0x159
sync.(*Cond).Wait(0xc0005b66f0?)
	/usr/local/go/src/sync/cond.go:71 +0x85
6.5840/raft.(*Raft).applyLog(0xc0004ef900)
	/home/hmc/learngo/mit-6.5840-private/src/raft/raft.go:937 +0x26e
created by 6.5840/raft.Make in goroutine 8227
	/home/hmc/learngo/mit-6.5840-private/src/raft/raft.go:1073 +0x376

goroutine 8344 [chan receive, 9 minutes]:
6.5840/shardkv.(*ShardKV).applier(0xc000453c20)
	/home/hmc/learngo/mit-6.5840-private/src/shardkv/server.go:408 +0x6a
created by 6.5840/shardkv.StartServer in goroutine 8227
	/home/hmc/learngo/mit-6.5840-private/src/shardkv/server.go:797 +0x456

goroutine 42736 [sync.Cond.Wait, 9 minutes]:
sync.runtime_notifyListWait(0xc00066d470, 0x357)
	/usr/local/go/src/runtime/sema.go:597 +0x159
sync.(*Cond).Wait(0xc00056fef0?)
	/usr/local/go/src/sync/cond.go:71 +0x85
6.5840/raft.(*Raft).applyLog(0xc00066d400)
	/home/hmc/learngo/mit-6.5840-private/src/raft/raft.go:937 +0x26e
created by 6.5840/raft.Make in goroutine 42694
	/home/hmc/learngo/mit-6.5840-private/src/raft/raft.go:1073 +0x376

goroutine 81458 [sync.Cond.Wait]:
sync.runtime_notifyListWait(0xc00066d970, 0x3137)
	/usr/local/go/src/runtime/sema.go:597 +0x159
sync.(*Cond).Wait(0xc00066d900?)
	/usr/local/go/src/sync/cond.go:71 +0x85
6.5840/raft.(*Raft).applyLog(0xc00066d900)
	/home/hmc/learngo/mit-6.5840-private/src/raft/raft.go:937 +0x26e
created by 6.5840/raft.Make in goroutine 81439
	/home/hmc/learngo/mit-6.5840-private/src/raft/raft.go:1073 +0x376

goroutine 16586 [chan receive, 9 minutes]:
6.5840/shardkv.(*ShardKV).applier(0xc0000b6a20)
	/home/hmc/learngo/mit-6.5840-private/src/shardkv/server.go:408 +0x6a
created by 6.5840/shardkv.StartServer in goroutine 16536
	/home/hmc/learngo/mit-6.5840-private/src/shardkv/server.go:797 +0x456

goroutine 767343 [sleep]:
time.Sleep(0x5f5e100)
	/usr/local/go/src/runtime/time.go:338 +0x165
6.5840/shardkv.(*ShardKV).queryConfig(0xc009e607e0)
	/home/hmc/learngo/mit-6.5840-private/src/shardkv/server.go:327 +0x2e
created by 6.5840/shardkv.StartServer in goroutine 81439
	/home/hmc/learngo/mit-6.5840-private/src/shardkv/server.go:803 +0x4e5

goroutine 1552707 [runnable]:
bytes.growSlice({0xc0020ff100, 0x85, 0x655000?}, 0xc005276500?)
	/usr/local/go/src/bytes/buffer.go:249 +0x94
bytes.(*Buffer).grow(0xc007cde090, 0x236b8f)
	/usr/local/go/src/bytes/buffer.go:151 +0x13d
bytes.(*Buffer).Write(0xc007cde090, {0xc01cb66005, 0x236b8f, 0xc000524810?})
	/usr/local/go/src/bytes/buffer.go:179 +0x59
encoding/gob.(*Encoder).writeMessage(0xc000524780, {0x716440, 0xc007cde090}, 0xc0005247b8)
	/usr/local/go/src/encoding/gob/encoder.go:82 +0x3bf
encoding/gob.(*Encoder).EncodeValue(0xc000524780, {0x655000?, 0xc004787800?, 0x655000?})
	/usr/local/go/src/encoding/gob/encoder.go:253 +0x448
encoding/gob.(*Encoder).Encode(0x655000?, {0x655000?, 0xc004787800?})
	/usr/local/go/src/encoding/gob/encoder.go:176 +0x6a
6.5840/labgob.(*LabEncoder).Encode(0xc004a9a9d8, {0x655000, 0xc004787800})
	/home/hmc/learngo/mit-6.5840-private/src/labgob/labgob.go:34 +0x3f
6.5840/raft.(*Raft).persist(0xc00066d900)
	/home/hmc/learngo/mit-6.5840-private/src/raft/raft.go:160 +0xba
6.5840/raft.(*Raft).ApplyEntries(0xc00066d900, 0xc005151100, 0xc0001ae0c0)
	/home/hmc/learngo/mit-6.5840-private/src/raft/raft.go:541 +0x345
reflect.Value.call({0xc000138690?, 0xc000c66548?, 0xc001967b18?}, {0x6aef4f, 0x4}, {0xc001967d20, 0x3, 0xc001967b48?})
	/usr/local/go/src/reflect/value.go:581 +0xca6
reflect.Value.Call({0xc000138690?, 0xc000c66548?, 0xc0078d8a30?}, {0xc001967d20?, 0x475657?, 0x43abcf?})
	/usr/local/go/src/reflect/value.go:365 +0xb9
6.5840/labrpc.(*Service).dispatch(0xc000810d00, {0x6b2a0c, 0xc}, {{0x656d80, 0xc001fcb870}, {0x6b2a07, 0x11}, {0x71b0f8, 0x64fd60}, {0xc001a14c00, ...}, ...})
	/home/hmc/learngo/mit-6.5840-private/src/labrpc/labrpc.go:506 +0x35f
6.5840/labrpc.(*Server).dispatch(0xc000665b48, {{0x656d80, 0xc001fcb870}, {0x6b2a07, 0x11}, {0x71b0f8, 0x64fd60}, {0xc001a14c00, 0x3ea, 0x400}, ...})
	/home/hmc/learngo/mit-6.5840-private/src/labrpc/labrpc.go:430 +0x1e5
6.5840/labrpc.(*Network).processReq.func1()
	/home/hmc/learngo/mit-6.5840-private/src/labrpc/labrpc.go:240 +0x3f
created by 6.5840/labrpc.(*Network).processReq in goroutine 1552672
	/home/hmc/learngo/mit-6.5840-private/src/labrpc/labrpc.go:239 +0x1d0

goroutine 75479 [chan receive, 9 minutes]:
6.5840/shardkv.(*ShardKV).applier(0xc0009247e0)
	/home/hmc/learngo/mit-6.5840-private/src/shardkv/server.go:408 +0x6a
created by 6.5840/shardkv.StartServer in goroutine 42694
	/home/hmc/learngo/mit-6.5840-private/src/shardkv/server.go:797 +0x456

goroutine 545721 [chan receive, 9 minutes]:
6.5840/labrpc.(*Network).processReq.func2()
	/home/hmc/learngo/mit-6.5840-private/src/labrpc/labrpc.go:258 +0x19
created by 6.5840/labrpc.(*Network).processReq in goroutine 545485
	/home/hmc/learngo/mit-6.5840-private/src/labrpc/labrpc.go:257 +0x48f

goroutine 42707 [chan receive, 9 minutes]:
6.5840/shardkv.(*ShardKV).applier(0xc000b47e60)
	/home/hmc/learngo/mit-6.5840-private/src/shardkv/server.go:408 +0x6a
created by 6.5840/shardkv.StartServer in goroutine 42694
	/home/hmc/learngo/mit-6.5840-private/src/shardkv/server.go:797 +0x456

goroutine 270755 [chan receive, 9 minutes]:
6.5840/shardkv.(*ShardKV).PutAppend(0xc0016e4a20, 0xc005b26940, 0xc0052c6950)
	/home/hmc/learngo/mit-6.5840-private/src/shardkv/server.go:204 +0x2e5
reflect.Value.call({0xc000139310?, 0xc001749550?, 0xc0043e3b18?}, {0x6aef4f, 0x4}, {0xc0043e3d20, 0x3, 0xc0043e3b48?})
	/usr/local/go/src/reflect/value.go:581 +0xca6
reflect.Value.Call({0xc000139310?, 0xc001749550?, 0xc002a00ae0?}, {0xc0043e3d20?, 0x475657?, 0x43a947?})
	/usr/local/go/src/reflect/value.go:365 +0xb9
6.5840/labrpc.(*Service).dispatch(0xc002c95740, {0x6b2547, 0x9}, {{0x656d80, 0xc0052c66b0}, {0x6b253f, 0x11}, {0x71b0f8, 0x64c8a0}, {0xc000b45180, ...}, ...})
	/home/hmc/learngo/mit-6.5840-private/src/labrpc/labrpc.go:506 +0x35f
6.5840/labrpc.(*Server).dispatch(0xc002c2be30, {{0x656d80, 0xc0052c66b0}, {0x6b253f, 0x11}, {0x71b0f8, 0x64c8a0}, {0xc000b45180, 0x98, 0xa0}, ...})
	/home/hmc/learngo/mit-6.5840-private/src/labrpc/labrpc.go:430 +0x1e5
6.5840/labrpc.(*Network).processReq.func1()
	/home/hmc/learngo/mit-6.5840-private/src/labrpc/labrpc.go:240 +0x3f
created by 6.5840/labrpc.(*Network).processReq in goroutine 270754
	/home/hmc/learngo/mit-6.5840-private/src/labrpc/labrpc.go:239 +0x1d0

goroutine 74552 [chan receive, 9 minutes]:
6.5840/labrpc.(*Network).processReq.func2()
	/home/hmc/learngo/mit-6.5840-private/src/labrpc/labrpc.go:258 +0x19
created by 6.5840/labrpc.(*Network).processReq in goroutine 74428
	/home/hmc/learngo/mit-6.5840-private/src/labrpc/labrpc.go:257 +0x48f

goroutine 767367 [select, 9 minutes]:
6.5840/raft.(*Raft).ticker(0xc006cc2280)
	/home/hmc/learngo/mit-6.5840-private/src/raft/raft.go:902 +0x6b
created by 6.5840/raft.Make in goroutine 81439
	/home/hmc/learngo/mit-6.5840-private/src/raft/raft.go:1071 +0x336

goroutine 75560 [sync.Cond.Wait, 9 minutes]:
sync.runtime_notifyListWait(0xc0000cb5b0, 0xc)
	/usr/local/go/src/runtime/sema.go:597 +0x159
sync.(*Cond).Wait(0xc000227ef0?)
	/usr/local/go/src/sync/cond.go:71 +0x85
6.5840/raft.(*Raft).applyLog(0xc0000cb540)
	/home/hmc/learngo/mit-6.5840-private/src/raft/raft.go:937 +0x26e
created by 6.5840/raft.Make in goroutine 42694
	/home/hmc/learngo/mit-6.5840-private/src/raft/raft.go:1073 +0x376

goroutine 545557 [chan receive, 9 minutes]:
6.5840/shardkv.(*ShardKV).PutAppend(0xc0014699e0, 0xc00522e1c0, 0xc007f4c200)
	/home/hmc/learngo/mit-6.5840-private/src/shardkv/server.go:204 +0x2e5
reflect.Value.call({0xc000139310?, 0xc002a004c8?, 0xc001461b18?}, {0x6aef4f, 0x4}, {0xc001461d20, 0x3, 0xc001461b48?})
	/usr/local/go/src/reflect/value.go:581 +0xca6
reflect.Value.Call({0xc000139310?, 0xc002a004c8?, 0xc0066371f8?}, {0xc001461d20?, 0x475657?, 0xc000539b58?})
	/usr/local/go/src/reflect/value.go:365 +0xb9
6.5840/labrpc.(*Service).dispatch(0xc006c388c0, {0x6b2547, 0x9}, {{0x656d80, 0xc00499fde0}, {0x6b253f, 0x11}, {0x71b0f8, 0x64c8a0}, {0xc006668320, ...}, ...})
	/home/hmc/learngo/mit-6.5840-private/src/labrpc/labrpc.go:506 +0x35f
6.5840/labrpc.(*Server).dispatch(0xc0024babe8, {{0x656d80, 0xc00499fde0}, {0x6b253f, 0x11}, {0x71b0f8, 0x64c8a0}, {0xc006668320, 0x98, 0xa0}, ...})
	/home/hmc/learngo/mit-6.5840-private/src/labrpc/labrpc.go:430 +0x1e5
6.5840/labrpc.(*Network).processReq.func1()
	/home/hmc/learngo/mit-6.5840-private/src/labrpc/labrpc.go:240 +0x3f
created by 6.5840/labrpc.(*Network).processReq in goroutine 545556
	/home/hmc/learngo/mit-6.5840-private/src/labrpc/labrpc.go:239 +0x1d0

goroutine 42718 [sync.Cond.Wait, 9 minutes]:
sync.runtime_notifyListWait(0xc00066d0b0, 0x12b)
	/usr/local/go/src/runtime/sema.go:597 +0x159
sync.(*Cond).Wait(0xc0000d6ef0?)
	/usr/local/go/src/sync/cond.go:71 +0x85
6.5840/raft.(*Raft).applyLog(0xc00066d040)
	/home/hmc/learngo/mit-6.5840-private/src/raft/raft.go:937 +0x26e
created by 6.5840/raft.Make in goroutine 42694
	/home/hmc/learngo/mit-6.5840-private/src/raft/raft.go:1073 +0x376

goroutine 42731 [chan receive, 9 minutes]:
6.5840/shardkv.(*ShardKV).applier(0xc000457d40)
	/home/hmc/learngo/mit-6.5840-private/src/shardkv/server.go:408 +0x6a
created by 6.5840/shardkv.StartServer in goroutine 42694
	/home/hmc/learngo/mit-6.5840-private/src/shardkv/server.go:797 +0x456

goroutine 81457 [select, 9 minutes]:
6.5840/raft.(*Raft).ticker(0xc00066d900)
	/home/hmc/learngo/mit-6.5840-private/src/raft/raft.go:902 +0x6b
created by 6.5840/raft.Make in goroutine 81439
	/home/hmc/learngo/mit-6.5840-private/src/raft/raft.go:1071 +0x336

goroutine 16593 [chan receive, 9 minutes]:
6.5840/shardkv.(*ShardKV).applier(0xc0000b6b40)
	/home/hmc/learngo/mit-6.5840-private/src/shardkv/server.go:408 +0x6a
created by 6.5840/shardkv.StartServer in goroutine 16536
	/home/hmc/learngo/mit-6.5840-private/src/shardkv/server.go:797 +0x456

goroutine 30785 [chan receive, 9 minutes]:
6.5840/shardkv.(*ShardKV).applier(0xc000712b40)
	/home/hmc/learngo/mit-6.5840-private/src/shardkv/server.go:408 +0x6a
created by 6.5840/shardkv.StartServer in goroutine 16536
	/home/hmc/learngo/mit-6.5840-private/src/shardkv/server.go:797 +0x456

goroutine 30798 [sync.Cond.Wait, 9 minutes]:
sync.runtime_notifyListWait(0xc00066c6b0, 0xc)
	/usr/local/go/src/runtime/sema.go:597 +0x159
sync.(*Cond).Wait(0xc0000d8ef0?)
	/usr/local/go/src/sync/cond.go:71 +0x85
6.5840/raft.(*Raft).applyLog(0xc00066c640)
	/home/hmc/learngo/mit-6.5840-private/src/raft/raft.go:937 +0x26e
created by 6.5840/raft.Make in goroutine 16536
	/home/hmc/learngo/mit-6.5840-private/src/raft/raft.go:1073 +0x376

goroutine 767493 [chan receive, 9 minutes]:
6.5840/labrpc.(*Network).processReq.func2()
	/home/hmc/learngo/mit-6.5840-private/src/labrpc/labrpc.go:258 +0x19
created by 6.5840/labrpc.(*Network).processReq in goroutine 767271
	/home/hmc/learngo/mit-6.5840-private/src/labrpc/labrpc.go:257 +0x48f

goroutine 426343 [sync.Cond.Wait, 9 minutes]:
sync.runtime_notifyListWait(0xc0003e56f0, 0x3a6)
	/usr/local/go/src/runtime/sema.go:597 +0x159
sync.(*Cond).Wait(0xc00317fef0?)
	/usr/local/go/src/sync/cond.go:71 +0x85
6.5840/raft.(*Raft).applyLog(0xc0003e5680)
	/home/hmc/learngo/mit-6.5840-private/src/raft/raft.go:937 +0x26e
created by 6.5840/raft.Make in goroutine 81439
	/home/hmc/learngo/mit-6.5840-private/src/raft/raft.go:1073 +0x376

goroutine 124001 [chan receive, 9 minutes]:
6.5840/shardkv.(*ShardKV).applier(0xc0016e4360)
	/home/hmc/learngo/mit-6.5840-private/src/shardkv/server.go:408 +0x6a
created by 6.5840/shardkv.StartServer in goroutine 81439
	/home/hmc/learngo/mit-6.5840-private/src/shardkv/server.go:797 +0x456

goroutine 16599 [sync.Cond.Wait, 9 minutes]:
sync.runtime_notifyListWait(0xc0000cabb0, 0x136)
	/usr/local/go/src/runtime/sema.go:597 +0x159
sync.(*Cond).Wait(0xc000196ef0?)
	/usr/local/go/src/sync/cond.go:71 +0x85
6.5840/raft.(*Raft).applyLog(0xc0000cab40)
	/home/hmc/learngo/mit-6.5840-private/src/raft/raft.go:937 +0x26e
created by 6.5840/raft.Make in goroutine 16536
	/home/hmc/learngo/mit-6.5840-private/src/raft/raft.go:1073 +0x376

goroutine 16600 [chan receive, 9 minutes]:
6.5840/shardkv.(*ShardKV).applier(0xc0000b6c60)
	/home/hmc/learngo/mit-6.5840-private/src/shardkv/server.go:408 +0x6a
created by 6.5840/shardkv.StartServer in goroutine 16536
	/home/hmc/learngo/mit-6.5840-private/src/shardkv/server.go:797 +0x456

goroutine 677409 [chan receive, 9 minutes]:
6.5840/shardkv.(*ShardKV).PutAppend(0xc000d24b40, 0xc007f41c00, 0xc00acfa030)
	/home/hmc/learngo/mit-6.5840-private/src/shardkv/server.go:204 +0x2e5
reflect.Value.call({0xc000139310?, 0xc006fae180?, 0xc00149db18?}, {0x6aef4f, 0x4}, {0xc00149dd20, 0x3, 0xc00149db48?})
	/usr/local/go/src/reflect/value.go:581 +0xca6
reflect.Value.Call({0xc000139310?, 0xc006fae180?, 0xc009768810?}, {0xc00149dd20?, 0x475657?, 0x43a947?})
	/usr/local/go/src/reflect/value.go:365 +0xb9
6.5840/labrpc.(*Service).dispatch(0xc006fa37c0, {0x6b2547, 0x9}, {{0x656d80, 0xc0098cb740}, {0x6b253f, 0x11}, {0x71b0f8, 0x64c8a0}, {0xc007b95ae0, ...}, ...})
	/home/hmc/learngo/mit-6.5840-private/src/labrpc/labrpc.go:506 +0x35f
6.5840/labrpc.(*Server).dispatch(0xc009d54d98, {{0x656d80, 0xc0098cb740}, {0x6b253f, 0x11}, {0x71b0f8, 0x64c8a0}, {0xc007b95ae0, 0x98, 0xa0}, ...})
	/home/hmc/learngo/mit-6.5840-private/src/labrpc/labrpc.go:430 +0x1e5
6.5840/labrpc.(*Network).processReq.func1()
	/home/hmc/learngo/mit-6.5840-private/src/labrpc/labrpc.go:240 +0x3f
created by 6.5840/labrpc.(*Network).processReq in goroutine 677392
	/home/hmc/learngo/mit-6.5840-private/src/labrpc/labrpc.go:239 +0x1d0

goroutine 30813 [chan receive, 9 minutes]:
6.5840/shardkv.(*ShardKV).applier(0xc000800000)
	/home/hmc/learngo/mit-6.5840-private/src/shardkv/server.go:408 +0x6a
created by 6.5840/shardkv.StartServer in goroutine 16536
	/home/hmc/learngo/mit-6.5840-private/src/shardkv/server.go:797 +0x456

goroutine 30812 [sync.Cond.Wait, 9 minutes]:
sync.runtime_notifyListWait(0xc00066c930, 0xb)
	/usr/local/go/src/runtime/sema.go:597 +0x159
sync.(*Cond).Wait(0xc00061d6f0?)
	/usr/local/go/src/sync/cond.go:71 +0x85
6.5840/raft.(*Raft).applyLog(0xc00066c8c0)
	/home/hmc/learngo/mit-6.5840-private/src/raft/raft.go:937 +0x26e
created by 6.5840/raft.Make in goroutine 16536
	/home/hmc/learngo/mit-6.5840-private/src/raft/raft.go:1073 +0x376

goroutine 677552 [chan receive, 9 minutes]:
6.5840/shardkv.(*ShardKV).applier(0xc00a114c60)
	/home/hmc/learngo/mit-6.5840-private/src/shardkv/server.go:408 +0x6a
created by 6.5840/shardkv.StartServer in goroutine 81439
	/home/hmc/learngo/mit-6.5840-private/src/shardkv/server.go:797 +0x456

goroutine 16606 [sync.Cond.Wait, 9 minutes]:
sync.runtime_notifyListWait(0xc0000cacf0, 0x88)
	/usr/local/go/src/runtime/sema.go:597 +0x159
sync.(*Cond).Wait(0xc00065def0?)
	/usr/local/go/src/sync/cond.go:71 +0x85
6.5840/raft.(*Raft).applyLog(0xc0000cac80)
	/home/hmc/learngo/mit-6.5840-private/src/raft/raft.go:937 +0x26e
created by 6.5840/raft.Make in goroutine 16536
	/home/hmc/learngo/mit-6.5840-private/src/raft/raft.go:1073 +0x376

goroutine 16607 [chan receive, 9 minutes]:
6.5840/shardkv.(*ShardKV).applier(0xc0000b6d80)
	/home/hmc/learngo/mit-6.5840-private/src/shardkv/server.go:408 +0x6a
created by 6.5840/shardkv.StartServer in goroutine 16536
	/home/hmc/learngo/mit-6.5840-private/src/shardkv/server.go:797 +0x456

goroutine 30805 [sync.Cond.Wait, 9 minutes]:
sync.runtime_notifyListWait(0xc00066c7f0, 0xb)
	/usr/local/go/src/runtime/sema.go:597 +0x159
sync.(*Cond).Wait(0xc000179ef0?)
	/usr/local/go/src/sync/cond.go:71 +0x85
6.5840/raft.(*Raft).applyLog(0xc00066c780)
	/home/hmc/learngo/mit-6.5840-private/src/raft/raft.go:937 +0x26e
created by 6.5840/raft.Make in goroutine 16536
	/home/hmc/learngo/mit-6.5840-private/src/raft/raft.go:1073 +0x376

goroutine 338388 [sync.Cond.Wait, 9 minutes]:
sync.runtime_notifyListWait(0xc004867470, 0x421)
	/usr/local/go/src/runtime/sema.go:597 +0x159
sync.(*Cond).Wait(0xc000139810?)
	/usr/local/go/src/sync/cond.go:71 +0x85
6.5840/raft.(*Raft).applyLog(0xc004867400)
	/home/hmc/learngo/mit-6.5840-private/src/raft/raft.go:937 +0x26e
created by 6.5840/raft.Make in goroutine 81439
	/home/hmc/learngo/mit-6.5840-private/src/raft/raft.go:1073 +0x376

goroutine 16613 [sync.Cond.Wait, 9 minutes]:
sync.runtime_notifyListWait(0xc0000cae30, 0x7d)
	/usr/local/go/src/runtime/sema.go:597 +0x159
sync.(*Cond).Wait(0xc000579ef0?)
	/usr/local/go/src/sync/cond.go:71 +0x85
6.5840/raft.(*Raft).applyLog(0xc0000cadc0)
	/home/hmc/learngo/mit-6.5840-private/src/raft/raft.go:937 +0x26e
created by 6.5840/raft.Make in goroutine 16536
	/home/hmc/learngo/mit-6.5840-private/src/raft/raft.go:1073 +0x376

goroutine 16614 [chan receive, 9 minutes]:
6.5840/shardkv.(*ShardKV).applier(0xc0000b6ea0)
	/home/hmc/learngo/mit-6.5840-private/src/shardkv/server.go:408 +0x6a
created by 6.5840/shardkv.StartServer in goroutine 16536
	/home/hmc/learngo/mit-6.5840-private/src/shardkv/server.go:797 +0x456

goroutine 338323 [sync.Cond.Wait, 9 minutes]:
sync.runtime_notifyListWait(0xc004866bb0, 0x4af)
	/usr/local/go/src/runtime/sema.go:597 +0x159
sync.(*Cond).Wait(0xc00066e4b0?)
	/usr/local/go/src/sync/cond.go:71 +0x85
6.5840/raft.(*Raft).applyLog(0xc004866b40)
	/home/hmc/learngo/mit-6.5840-private/src/raft/raft.go:937 +0x26e
created by 6.5840/raft.Make in goroutine 81439
	/home/hmc/learngo/mit-6.5840-private/src/raft/raft.go:1073 +0x376

goroutine 338331 [chan receive, 9 minutes]:
6.5840/shardkv.(*ShardKV).applier(0xc001b7c480)
	/home/hmc/learngo/mit-6.5840-private/src/shardkv/server.go:408 +0x6a
created by 6.5840/shardkv.StartServer in goroutine 81439
	/home/hmc/learngo/mit-6.5840-private/src/shardkv/server.go:797 +0x456

goroutine 1552741 [select]:
6.5840/labrpc.(*Network).processReq(0xc0002080a0, {{0x656d80, 0xc001fcb870}, {0x6b2a07, 0x11}, {0x71b0f8, 0x64fd60}, {0xc0002b5000, 0x396, 0x400}, ...})
	/home/hmc/learngo/mit-6.5840-private/src/labrpc/labrpc.go:251 +0x3e5
created by 6.5840/labrpc.MakeNetwork.func1 in goroutine 81440
	/home/hmc/learngo/mit-6.5840-private/src/labrpc/labrpc.go:157 +0x58

goroutine 545639 [chan receive, 9 minutes]:
6.5840/shardkv.(*ShardKV).applier(0xc005cfde60)
	/home/hmc/learngo/mit-6.5840-private/src/shardkv/server.go:408 +0x6a
created by 6.5840/shardkv.StartServer in goroutine 81439
	/home/hmc/learngo/mit-6.5840-private/src/shardkv/server.go:797 +0x456

goroutine 16620 [sync.Cond.Wait, 9 minutes]:
sync.runtime_notifyListWait(0xc0000caf70, 0x7e)
	/usr/local/go/src/runtime/sema.go:597 +0x159
sync.(*Cond).Wait(0xc00062fef0?)
	/usr/local/go/src/sync/cond.go:71 +0x85
6.5840/raft.(*Raft).applyLog(0xc0000caf00)
	/home/hmc/learngo/mit-6.5840-private/src/raft/raft.go:937 +0x26e
created by 6.5840/raft.Make in goroutine 16536
	/home/hmc/learngo/mit-6.5840-private/src/raft/raft.go:1073 +0x376

goroutine 16621 [chan receive, 9 minutes]:
6.5840/shardkv.(*ShardKV).applier(0xc0000b6fc0)
	/home/hmc/learngo/mit-6.5840-private/src/shardkv/server.go:408 +0x6a
created by 6.5840/shardkv.StartServer in goroutine 16536
	/home/hmc/learngo/mit-6.5840-private/src/shardkv/server.go:797 +0x456

goroutine 1552744 [sync.Mutex.Lock]:
internal/sync.runtime_SemacquireMutex(0x3?, 0x4?, 0xc00001da60?)
	/usr/local/go/src/runtime/sema.go:95 +0x25
internal/sync.(*Mutex).lockSlow(0xc00066da40)
	/usr/local/go/src/internal/sync/mutex.go:149 +0x15d
internal/sync.(*Mutex).Lock(...)
	/usr/local/go/src/internal/sync/mutex.go:70
sync.(*Mutex).Lock(...)
	/usr/local/go/src/sync/mutex.go:46
6.5840/raft.(*Raft).ApplyEntries(0xc00066da40, 0xc009e8d500, 0xc002081d70)
	/home/hmc/learngo/mit-6.5840-private/src/raft/raft.go:443 +0x6d
reflect.Value.call({0xc000138690?, 0xc000c665c8?, 0xc00172bb18?}, {0x6aef4f, 0x4}, {0xc00172bd20, 0x3, 0xc00172bb48?})
	/usr/local/go/src/reflect/value.go:581 +0xca6
reflect.Value.Call({0xc000138690?, 0xc000c665c8?, 0xc0046ec968?}, {0xc00172bd20?, 0x475657?, 0x2?})
	/usr/local/go/src/reflect/value.go:365 +0xb9
6.5840/labrpc.(*Service).dispatch(0xc000811180, {0x6b2a0c, 0xc}, {{0x656d80, 0xc001fcb8b0}, {0x6b2a07, 0x11}, {0x71b0f8, 0x64fd60}, {0xc0002b5800, ...}, ...})
	/home/hmc/learngo/mit-6.5840-private/src/labrpc/labrpc.go:506 +0x35f
6.5840/labrpc.(*Server).dispatch(0xc000665c20, {{0x656d80, 0xc001fcb8b0}, {0x6b2a07, 0x11}, {0x71b0f8, 0x64fd60}, {0xc0002b5800, 0x396, 0x400}, ...})
	/home/hmc/learngo/mit-6.5840-private/src/labrpc/labrpc.go:430 +0x1e5
6.5840/labrpc.(*Network).processReq.func1()
	/home/hmc/learngo/mit-6.5840-private/src/labrpc/labrpc.go:240 +0x3f
created by 6.5840/labrpc.(*Network).processReq in goroutine 1552743
	/home/hmc/learngo/mit-6.5840-private/src/labrpc/labrpc.go:239 +0x1d0

goroutine 30806 [chan receive, 9 minutes]:
6.5840/shardkv.(*ShardKV).applier(0xc000547200)
	/home/hmc/learngo/mit-6.5840-private/src/shardkv/server.go:408 +0x6a
created by 6.5840/shardkv.StartServer in goroutine 16536
	/home/hmc/learngo/mit-6.5840-private/src/shardkv/server.go:797 +0x456

goroutine 81475 [chan receive, 9 minutes]:
6.5840/shardkv.(*ShardKV).applier(0xc000a9ad80)
	/home/hmc/learngo/mit-6.5840-private/src/shardkv/server.go:408 +0x6a
created by 6.5840/shardkv.StartServer in goroutine 81439
	/home/hmc/learngo/mit-6.5840-private/src/shardkv/server.go:797 +0x456

goroutine 81459 [chan receive]:
6.5840/shardctrler.(*ShardCtrler).applier(0xc0005d63c0)
	/home/hmc/learngo/mit-6.5840-private/src/shardctrler/server.go:275 +0x6a
created by 6.5840/shardctrler.StartServer in goroutine 81439
	/home/hmc/learngo/mit-6.5840-private/src/shardctrler/server.go:561 +0x2e5

goroutine 82215 [select]:
6.5840/shardctrler.(*Clerk).makeCall(0xc001624c60, 0x2, {0x6b29e5, 0x11}, {0x64fba0, 0xc0015352f0}, {0x64fce0, 0xc002034200})
	/home/hmc/learngo/mit-6.5840-private/src/shardctrler/client.go:169 +0x178
6.5840/shardctrler.(*Clerk).Query(0xc001624c60, 0xffffffffffffffff)
	/home/hmc/learngo/mit-6.5840-private/src/shardctrler/client.go:54 +0xfd
6.5840/shardkv.(*Clerk).PutAppend(0xc0003aa900, {0x6b9e3b, 0x1}, {0xc0061d8d14, 0x1}, {0x6af26a, 0x6})
	/home/hmc/learngo/mit-6.5840-private/src/shardkv/client.go:128 +0x1e5
6.5840/shardkv.(*Clerk).Append(...)
	/home/hmc/learngo/mit-6.5840-private/src/shardkv/client.go:136
6.5840/shardkv.TestConcurrent3_5B.func1(0x9, 0xc0003aa900)
	/home/hmc/learngo/mit-6.5840-private/src/shardkv/test_test.go:583 +0x132
created by 6.5840/shardkv.TestConcurrent3_5B in goroutine 81439
	/home/hmc/learngo/mit-6.5840-private/src/shardkv/test_test.go:590 +0x317

goroutine 81440 [select]:
6.5840/labrpc.MakeNetwork.func1()
	/home/hmc/learngo/mit-6.5840-private/src/labrpc/labrpc.go:153 +0xea
created by 6.5840/labrpc.MakeNetwork in goroutine 81439
	/home/hmc/learngo/mit-6.5840-private/src/labrpc/labrpc.go:151 +0x196

goroutine 338359 [chan receive, 9 minutes]:
6.5840/shardkv.(*ShardKV).applier(0xc0012faa20)
	/home/hmc/learngo/mit-6.5840-private/src/shardkv/server.go:408 +0x6a
created by 6.5840/shardkv.StartServer in goroutine 81439
	/home/hmc/learngo/mit-6.5840-private/src/shardkv/server.go:797 +0x456

goroutine 677537 [sync.Cond.Wait, 9 minutes]:
sync.runtime_notifyListWait(0xc006cc3830, 0x2e9)
	/usr/local/go/src/runtime/sema.go:597 +0x159
sync.(*Cond).Wait(0xc003bcc6e0?)
	/usr/local/go/src/sync/cond.go:71 +0x85
6.5840/raft.(*Raft).applyLog(0xc006cc37c0)
	/home/hmc/learngo/mit-6.5840-private/src/raft/raft.go:937 +0x26e
created by 6.5840/raft.Make in goroutine 81439
	/home/hmc/learngo/mit-6.5840-private/src/raft/raft.go:1073 +0x376

goroutine 30677 [chan receive, 9 minutes]:
6.5840/shardkv.(*ShardKV).applier(0xc0002530e0)
	/home/hmc/learngo/mit-6.5840-private/src/shardkv/server.go:408 +0x6a
created by 6.5840/shardkv.StartServer in goroutine 16536
	/home/hmc/learngo/mit-6.5840-private/src/shardkv/server.go:797 +0x456

goroutine 42700 [sync.Cond.Wait, 9 minutes]:
sync.runtime_notifyListWait(0xc00066cbb0, 0x217)
	/usr/local/go/src/runtime/sema.go:597 +0x159
sync.(*Cond).Wait(0xc00022aef0?)
	/usr/local/go/src/sync/cond.go:71 +0x85
6.5840/raft.(*Raft).applyLog(0xc00066cb40)
	/home/hmc/learngo/mit-6.5840-private/src/raft/raft.go:937 +0x26e
created by 6.5840/raft.Make in goroutine 42694
	/home/hmc/learngo/mit-6.5840-private/src/raft/raft.go:1073 +0x376

goroutine 270878 [chan receive, 9 minutes]:
6.5840/labrpc.(*Network).processReq.func2()
	/home/hmc/learngo/mit-6.5840-private/src/labrpc/labrpc.go:258 +0x19
created by 6.5840/labrpc.(*Network).processReq in goroutine 270738
	/home/hmc/learngo/mit-6.5840-private/src/labrpc/labrpc.go:257 +0x48f

goroutine 81524 [chan receive, 9 minutes]:
6.5840/shardkv.(*ShardKV).applier(0xc000a9bd40)
	/home/hmc/learngo/mit-6.5840-private/src/shardkv/server.go:408 +0x6a
created by 6.5840/shardkv.StartServer in goroutine 81439
	/home/hmc/learngo/mit-6.5840-private/src/shardkv/server.go:797 +0x456

goroutine 74574 [chan receive, 9 minutes]:
6.5840/labrpc.(*Network).processReq.func2()
	/home/hmc/learngo/mit-6.5840-private/src/labrpc/labrpc.go:258 +0x19
created by 6.5840/labrpc.(*Network).processReq in goroutine 74467
	/home/hmc/learngo/mit-6.5840-private/src/labrpc/labrpc.go:257 +0x48f

goroutine 1552611 [select]:
6.5840/labrpc.(*Network).processReq(0xc0002080a0, {{0x656d80, 0xc00a565cf0}, {0x6b29e5, 0x11}, {0x71b0f8, 0x64fba0}, {0xc000680300, 0x77, 0x80}, ...})
	/home/hmc/learngo/mit-6.5840-private/src/labrpc/labrpc.go:251 +0x3e5
created by 6.5840/labrpc.MakeNetwork.func1 in goroutine 81440
	/home/hmc/learngo/mit-6.5840-private/src/labrpc/labrpc.go:157 +0x58

goroutine 42706 [sync.Cond.Wait, 9 minutes]:
sync.runtime_notifyListWait(0xc00066ce30, 0x12c)
	/usr/local/go/src/runtime/sema.go:597 +0x159
sync.(*Cond).Wait(0xc00057bef0?)
	/usr/local/go/src/sync/cond.go:71 +0x85
6.5840/raft.(*Raft).applyLog(0xc00066cdc0)
	/home/hmc/learngo/mit-6.5840-private/src/raft/raft.go:937 +0x26e
created by 6.5840/raft.Make in goroutine 42694
	/home/hmc/learngo/mit-6.5840-private/src/raft/raft.go:1073 +0x376

goroutine 767373 [sleep]:
time.Sleep(0x5f5e100)
	/usr/local/go/src/runtime/time.go:338 +0x165
6.5840/shardkv.(*ShardKV).tryGC(0xc00977c480)
	/home/hmc/learngo/mit-6.5840-private/src/shardkv/server.go:402 +0x31
created by 6.5840/shardkv.StartServer in goroutine 81439
	/home/hmc/learngo/mit-6.5840-private/src/shardkv/server.go:805 +0x565

goroutine 270903 [chan receive, 9 minutes]:
6.5840/labrpc.(*Network).processReq.func2()
	/home/hmc/learngo/mit-6.5840-private/src/labrpc/labrpc.go:258 +0x19
created by 6.5840/labrpc.(*Network).processReq in goroutine 270770
	/home/hmc/learngo/mit-6.5840-private/src/labrpc/labrpc.go:257 +0x48f

goroutine 1552617 [sync.Cond.Wait]:
sync.runtime_notifyListWait(0xc000811310, 0xb312)
	/usr/local/go/src/runtime/sema.go:597 +0x159
sync.(*Cond).Wait(0xc00066db80?)
	/usr/local/go/src/sync/cond.go:71 +0x85
6.5840/shardctrler.(*ShardCtrler).Query(0xc0005d6660, 0xc001058888, 0xc005a52500)
	/home/hmc/learngo/mit-6.5840-private/src/shardctrler/server.go:199 +0x1b4
reflect.Value.call({0xc0001385a0?, 0xc000c66650?, 0xc001c15b18?}, {0x6aef4f, 0x4}, {0xc001c15d20, 0x3, 0xc001c15b48?})
	/usr/local/go/src/reflect/value.go:581 +0xca6
reflect.Value.Call({0xc0001385a0?, 0xc000c66650?, 0xc003de3bb8?}, {0xc001c15d20?, 0x475657?, 0x0?})
	/usr/local/go/src/reflect/value.go:365 +0xb9
6.5840/labrpc.(*Service).dispatch(0xc000811380, {0x6b29f1, 0x5}, {{0x656d80, 0xc00b3297e0}, {0x6b29e5, 0x11}, {0x71b0f8, 0x64fba0}, {0xc0005e3800, ...}, ...})
	/home/hmc/learngo/mit-6.5840-private/src/labrpc/labrpc.go:506 +0x35f
6.5840/labrpc.(*Server).dispatch(0xc000665cf8, {{0x656d80, 0xc00b3297e0}, {0x6b29e5, 0x11}, {0x71b0f8, 0x64fba0}, {0xc0005e3800, 0x77, 0x80}, ...})
	/home/hmc/learngo/mit-6.5840-private/src/labrpc/labrpc.go:430 +0x1e5
6.5840/labrpc.(*Network).processReq.func1()
	/home/hmc/learngo/mit-6.5840-private/src/labrpc/labrpc.go:240 +0x3f
created by 6.5840/labrpc.(*Network).processReq in goroutine 1552616
	/home/hmc/learngo/mit-6.5840-private/src/labrpc/labrpc.go:239 +0x1d0

goroutine 270817 [chan receive, 9 minutes]:
6.5840/shardkv.(*ShardKV).applier(0xc001d44a20)
	/home/hmc/learngo/mit-6.5840-private/src/shardkv/server.go:408 +0x6a
created by 6.5840/shardkv.StartServer in goroutine 81439
	/home/hmc/learngo/mit-6.5840-private/src/shardkv/server.go:797 +0x456

goroutine 338345 [chan receive, 9 minutes]:
6.5840/shardkv.(*ShardKV).applier(0xc004b22000)
	/home/hmc/learngo/mit-6.5840-private/src/shardkv/server.go:408 +0x6a
created by 6.5840/shardkv.StartServer in goroutine 81439
	/home/hmc/learngo/mit-6.5840-private/src/shardkv/server.go:797 +0x456

goroutine 767335 [sleep]:
time.Sleep(0x989680)
	/usr/local/go/src/runtime/time.go:338 +0x165
6.5840/shardkv.(*ShardKV).makeSnapshot(0xc009e60000)
	/home/hmc/learngo/mit-6.5840-private/src/shardkv/server.go:602 +0x25
created by 6.5840/shardkv.StartServer in goroutine 81439
	/home/hmc/learngo/mit-6.5840-private/src/shardkv/server.go:800 +0x4a5

goroutine 82212 [select]:
6.5840/shardctrler.(*Clerk).makeCall(0xc001721e60, 0x2, {0x6b29e5, 0x11}, {0x64fba0, 0xc001058978}, {0x64fce0, 0xc005a52900})
	/home/hmc/learngo/mit-6.5840-private/src/shardctrler/client.go:169 +0x178
6.5840/shardctrler.(*Clerk).Query(0xc001721e60, 0xffffffffffffffff)
	/home/hmc/learngo/mit-6.5840-private/src/shardctrler/client.go:54 +0xfd
6.5840/shardkv.(*Clerk).PutAppend(0xc0003aa780, {0x6b9e38, 0x1}, {0xc0073229d0, 0x1}, {0x6af26a, 0x6})
	/home/hmc/learngo/mit-6.5840-private/src/shardkv/client.go:128 +0x1e5
6.5840/shardkv.(*Clerk).Append(...)
	/home/hmc/learngo/mit-6.5840-private/src/shardkv/client.go:136
6.5840/shardkv.TestConcurrent3_5B.func1(0x6, 0xc0003aa780)
	/home/hmc/learngo/mit-6.5840-private/src/shardkv/test_test.go:583 +0x132
created by 6.5840/shardkv.TestConcurrent3_5B in goroutine 81439
	/home/hmc/learngo/mit-6.5840-private/src/shardkv/test_test.go:590 +0x317

goroutine 42713 [chan receive, 9 minutes]:
6.5840/shardkv.(*ShardKV).applier(0xc000456000)
	/home/hmc/learngo/mit-6.5840-private/src/shardkv/server.go:408 +0x6a
created by 6.5840/shardkv.StartServer in goroutine 42694
	/home/hmc/learngo/mit-6.5840-private/src/shardkv/server.go:797 +0x456

goroutine 338301 [chan receive, 9 minutes]:
6.5840/shardkv.(*ShardKV).applier(0xc002bdb680)
	/home/hmc/learngo/mit-6.5840-private/src/shardkv/server.go:408 +0x6a
created by 6.5840/shardkv.StartServer in goroutine 81439
	/home/hmc/learngo/mit-6.5840-private/src/shardkv/server.go:797 +0x456

goroutine 124014 [sync.Cond.Wait, 9 minutes]:
sync.runtime_notifyListWait(0xc0003e50b0, 0x3b6)
	/usr/local/go/src/runtime/sema.go:597 +0x159
sync.(*Cond).Wait(0xc00153f5e0?)
	/usr/local/go/src/sync/cond.go:71 +0x85
6.5840/raft.(*Raft).applyLog(0xc0003e5040)
	/home/hmc/learngo/mit-6.5840-private/src/raft/raft.go:937 +0x26e
created by 6.5840/raft.Make in goroutine 81439
	/home/hmc/learngo/mit-6.5840-private/src/raft/raft.go:1073 +0x376

goroutine 42698 [chan receive, 9 minutes]:
6.5840/shardctrler.(*ShardCtrler).applier(0xc000cb1f20)
	/home/hmc/learngo/mit-6.5840-private/src/shardctrler/server.go:275 +0x6a
created by 6.5840/shardctrler.StartServer in goroutine 42694
	/home/hmc/learngo/mit-6.5840-private/src/shardctrler/server.go:561 +0x2e5

goroutine 338482 [chan receive, 9 minutes]:
6.5840/labrpc.(*Network).processReq.func2()
	/home/hmc/learngo/mit-6.5840-private/src/labrpc/labrpc.go:258 +0x19
created by 6.5840/labrpc.(*Network).processReq in goroutine 338269
	/home/hmc/learngo/mit-6.5840-private/src/labrpc/labrpc.go:257 +0x48f

goroutine 81465 [chan receive]:
6.5840/shardctrler.(*ShardCtrler).applier(0xc0005d6660)
	/home/hmc/learngo/mit-6.5840-private/src/shardctrler/server.go:275 +0x6a
created by 6.5840/shardctrler.StartServer in goroutine 81439
	/home/hmc/learngo/mit-6.5840-private/src/shardctrler/server.go:561 +0x2e5

goroutine 338443 [chan receive, 9 minutes]:
6.5840/labrpc.(*Network).processReq.func2()
	/home/hmc/learngo/mit-6.5840-private/src/labrpc/labrpc.go:258 +0x19
created by 6.5840/labrpc.(*Network).processReq in goroutine 338196
	/home/hmc/learngo/mit-6.5840-private/src/labrpc/labrpc.go:257 +0x48f

goroutine 677558 [sync.Cond.Wait, 9 minutes]:
sync.runtime_notifyListWait(0xc006cc3d30, 0x6)
	/usr/local/go/src/runtime/sema.go:597 +0x159
sync.(*Cond).Wait(0xc00136b6f0?)
	/usr/local/go/src/sync/cond.go:71 +0x85
6.5840/raft.(*Raft).applyLog(0xc006cc3cc0)
	/home/hmc/learngo/mit-6.5840-private/src/raft/raft.go:937 +0x26e
created by 6.5840/raft.Make in goroutine 81439
	/home/hmc/learngo/mit-6.5840-private/src/raft/raft.go:1073 +0x376

goroutine 677670 [chan receive, 9 minutes]:
6.5840/labrpc.(*Network).processReq.func2()
	/home/hmc/learngo/mit-6.5840-private/src/labrpc/labrpc.go:258 +0x19
created by 6.5840/labrpc.(*Network).processReq in goroutine 677491
	/home/hmc/learngo/mit-6.5840-private/src/labrpc/labrpc.go:257 +0x48f

goroutine 767337 [sleep]:
time.Sleep(0x5f5e100)
	/usr/local/go/src/runtime/time.go:338 +0x165
6.5840/shardkv.(*ShardKV).tryReqShardData(0xc009e60000)
	/home/hmc/learngo/mit-6.5840-private/src/shardkv/server.go:363 +0x31
created by 6.5840/shardkv.StartServer in goroutine 81439
	/home/hmc/learngo/mit-6.5840-private/src/shardkv/server.go:804 +0x525

goroutine 767330 [select]:
6.5840/shardctrler.(*Clerk).makeCall(0xc00aae1c20, 0x2, {0x6b29e5, 0x11}, {0x64fba0, 0xc001fb0678}, {0x64fce0, 0xc002c3c180})
	/home/hmc/learngo/mit-6.5840-private/src/shardctrler/client.go:169 +0x178
6.5840/shardctrler.(*Clerk).Query(0xc00aae1c20, 0x1f)
	/home/hmc/learngo/mit-6.5840-private/src/shardctrler/client.go:54 +0xfd
6.5840/shardkv.(*ShardKV).tryReqShardData(0xc0076d78c0)
	/home/hmc/learngo/mit-6.5840-private/src/shardkv/server.go:355 +0x1bb
created by 6.5840/shardkv.StartServer in goroutine 81439
	/home/hmc/learngo/mit-6.5840-private/src/shardkv/server.go:804 +0x525

goroutine 82213 [select]:
6.5840/shardctrler.(*Clerk).makeCall(0xc001721ec0, 0x2, {0x6b29e5, 0x11}, {0x64fba0, 0xc001535410}, {0x64fce0, 0xc002034300})
	/home/hmc/learngo/mit-6.5840-private/src/shardctrler/client.go:169 +0x178
6.5840/shardctrler.(*Clerk).Query(0xc001721ec0, 0xffffffffffffffff)
	/home/hmc/learngo/mit-6.5840-private/src/shardctrler/client.go:54 +0xfd
6.5840/shardkv.(*Clerk).PutAppend(0xc0003aa800, {0x6b9e39, 0x1}, {0xc00b663264, 0x1}, {0x6af26a, 0x6})
	/home/hmc/learngo/mit-6.5840-private/src/shardkv/client.go:128 +0x1e5
6.5840/shardkv.(*Clerk).Append(...)
	/home/hmc/learngo/mit-6.5840-private/src/shardkv/client.go:136
6.5840/shardkv.TestConcurrent3_5B.func1(0x7, 0xc0003aa800)
	/home/hmc/learngo/mit-6.5840-private/src/shardkv/test_test.go:583 +0x132
created by 6.5840/shardkv.TestConcurrent3_5B in goroutine 81439
	/home/hmc/learngo/mit-6.5840-private/src/shardkv/test_test.go:590 +0x317

goroutine 545734 [chan receive, 9 minutes]:
6.5840/labrpc.(*Network).processReq.func2()
	/home/hmc/learngo/mit-6.5840-private/src/labrpc/labrpc.go:258 +0x19
created by 6.5840/labrpc.(*Network).processReq in goroutine 545495
	/home/hmc/learngo/mit-6.5840-private/src/labrpc/labrpc.go:257 +0x48f

goroutine 1552527 [select]:
6.5840/labrpc.(*Network).processReq(0xc0002080a0, {{0x656d80, 0xc00161b830}, {0x6b29e5, 0x11}, {0x71b0f8, 0x64fba0}, {0xc000017b80, 0x77, 0x80}, ...})
	/home/hmc/learngo/mit-6.5840-private/src/labrpc/labrpc.go:251 +0x3e5
created by 6.5840/labrpc.MakeNetwork.func1 in goroutine 81440
	/home/hmc/learngo/mit-6.5840-private/src/labrpc/labrpc.go:157 +0x58

goroutine 426294 [sync.Cond.Wait, 9 minutes]:
sync.runtime_notifyListWait(0xc0003e42f0, 0x69d)
	/usr/local/go/src/runtime/sema.go:597 +0x159
sync.(*Cond).Wait(0xc0048257c0?)
	/usr/local/go/src/sync/cond.go:71 +0x85
6.5840/raft.(*Raft).applyLog(0xc0003e4280)
	/home/hmc/learngo/mit-6.5840-private/src/raft/raft.go:937 +0x26e
created by 6.5840/raft.Make in goroutine 81439
	/home/hmc/learngo/mit-6.5840-private/src/raft/raft.go:1073 +0x376

goroutine 42725 [chan receive, 9 minutes]:
6.5840/shardkv.(*ShardKV).applier(0xc000457c20)
	/home/hmc/learngo/mit-6.5840-private/src/shardkv/server.go:408 +0x6a
created by 6.5840/shardkv.StartServer in goroutine 42694
	/home/hmc/learngo/mit-6.5840-private/src/shardkv/server.go:797 +0x456

goroutine 42724 [sync.Cond.Wait, 9 minutes]:
sync.runtime_notifyListWait(0xc00066d1f0, 0x338)
	/usr/local/go/src/runtime/sema.go:597 +0x159
sync.(*Cond).Wait(0xc000197ef0?)
	/usr/local/go/src/sync/cond.go:71 +0x85
6.5840/raft.(*Raft).applyLog(0xc00066d180)
	/home/hmc/learngo/mit-6.5840-private/src/raft/raft.go:937 +0x26e
created by 6.5840/raft.Make in goroutine 42694
	/home/hmc/learngo/mit-6.5840-private/src/raft/raft.go:1073 +0x376

goroutine 42748 [sync.Cond.Wait, 9 minutes]:
sync.runtime_notifyListWait(0xc00066d6f0, 0x12c)
	/usr/local/go/src/runtime/sema.go:597 +0x159
sync.(*Cond).Wait(0xc0005366f0?)
	/usr/local/go/src/sync/cond.go:71 +0x85
6.5840/raft.(*Raft).applyLog(0xc00066d680)
	/home/hmc/learngo/mit-6.5840-private/src/raft/raft.go:937 +0x26e
created by 6.5840/raft.Make in goroutine 42694
	/home/hmc/learngo/mit-6.5840-private/src/raft/raft.go:1073 +0x376

goroutine 42749 [chan receive, 9 minutes]:
6.5840/shardkv.(*ShardKV).applier(0xc000c027e0)
	/home/hmc/learngo/mit-6.5840-private/src/shardkv/server.go:408 +0x6a
created by 6.5840/shardkv.StartServer in goroutine 42694
	/home/hmc/learngo/mit-6.5840-private/src/shardkv/server.go:797 +0x456

goroutine 81464 [sync.Cond.Wait]:
sync.runtime_notifyListWait(0xc00066dbf0, 0x3295)
	/usr/local/go/src/runtime/sema.go:597 +0x159
sync.(*Cond).Wait(0xc00066db80?)
	/usr/local/go/src/sync/cond.go:71 +0x85
6.5840/raft.(*Raft).applyLog(0xc00066db80)
	/home/hmc/learngo/mit-6.5840-private/src/raft/raft.go:937 +0x26e
created by 6.5840/raft.Make in goroutine 81439
	/home/hmc/learngo/mit-6.5840-private/src/raft/raft.go:1073 +0x376

goroutine 81461 [sync.Cond.Wait]:
sync.runtime_notifyListWait(0xc00066dab0, 0x30f9)
	/usr/local/go/src/runtime/sema.go:597 +0x159
sync.(*Cond).Wait(0xc00066da40?)
	/usr/local/go/src/sync/cond.go:71 +0x85
6.5840/raft.(*Raft).applyLog(0xc00066da40)
	/home/hmc/learngo/mit-6.5840-private/src/raft/raft.go:937 +0x26e
created by 6.5840/raft.Make in goroutine 81439
	/home/hmc/learngo/mit-6.5840-private/src/raft/raft.go:1073 +0x376

goroutine 123994 [chan receive, 9 minutes]:
6.5840/shardkv.(*ShardKV).applier(0xc0023538c0)
	/home/hmc/learngo/mit-6.5840-private/src/shardkv/server.go:408 +0x6a
created by 6.5840/shardkv.StartServer in goroutine 81439
	/home/hmc/learngo/mit-6.5840-private/src/shardkv/server.go:797 +0x456

goroutine 42754 [sync.Cond.Wait, 9 minutes]:
sync.runtime_notifyListWait(0xc00066d830, 0x12c)
	/usr/local/go/src/runtime/sema.go:597 +0x159
sync.(*Cond).Wait(0xc000f5b6f0?)
	/usr/local/go/src/sync/cond.go:71 +0x85
6.5840/raft.(*Raft).applyLog(0xc00066d7c0)
	/home/hmc/learngo/mit-6.5840-private/src/raft/raft.go:937 +0x26e
created by 6.5840/raft.Make in goroutine 42694
	/home/hmc/learngo/mit-6.5840-private/src/raft/raft.go:1073 +0x376

goroutine 42755 [chan receive, 9 minutes]:
6.5840/shardkv.(*ShardKV).applier(0xc000c02900)
	/home/hmc/learngo/mit-6.5840-private/src/shardkv/server.go:408 +0x6a
created by 6.5840/shardkv.StartServer in goroutine 42694
	/home/hmc/learngo/mit-6.5840-private/src/shardkv/server.go:797 +0x456

goroutine 1552740 [chan receive]:
6.5840/labrpc.(*ClientEnd).Call(0xc000a9dc00, {0x6b2a07?, 0x42?}, {0x64fd60, 0xc009e8ccc0}, {0x64fee0, 0xc0020819e0})
	/home/hmc/learngo/mit-6.5840-private/src/labrpc/labrpc.go:112 +0x226
6.5840/raft.(*Raft).sendApplyEntries(...)
	/home/hmc/learngo/mit-6.5840-private/src/raft/raft.go:544
6.5840/raft.(*Raft).sendApplyEntriesTo(0xc00066db80, 0x1, {0x1, 0x2, 0x6c08, 0x1, {0xc001e78a50, 0x7, 0x7}, 0x6c08})
	/home/hmc/learngo/mit-6.5840-private/src/raft/raft.go:709 +0x115
created by 6.5840/raft.(*Raft).sendHeartBeat in goroutine 1552657
	/home/hmc/learngo/mit-6.5840-private/src/raft/raft.go:824 +0x4e5

goroutine 767379 [sleep]:
time.Sleep(0x5f5e100)
	/usr/local/go/src/runtime/time.go:338 +0x165
6.5840/shardkv.(*ShardKV).tryReqShardData(0xc0067747e0)
	/home/hmc/learngo/mit-6.5840-private/src/shardkv/server.go:363 +0x31
created by 6.5840/shardkv.StartServer in goroutine 81439
	/home/hmc/learngo/mit-6.5840-private/src/shardkv/server.go:804 +0x525

goroutine 123973 [chan receive, 9 minutes]:
6.5840/shardkv.(*ShardKV).applier(0xc002352120)
	/home/hmc/learngo/mit-6.5840-private/src/shardkv/server.go:408 +0x6a
created by 6.5840/shardkv.StartServer in goroutine 81439
	/home/hmc/learngo/mit-6.5840-private/src/shardkv/server.go:797 +0x456

goroutine 767305 [sleep]:
time.Sleep(0x989680)
	/usr/local/go/src/runtime/time.go:338 +0x165
6.5840/shardkv.(*ShardKV).makeSnapshot(0xc0076d6b40)
	/home/hmc/learngo/mit-6.5840-private/src/shardkv/server.go:602 +0x25
created by 6.5840/shardkv.StartServer in goroutine 81439
	/home/hmc/learngo/mit-6.5840-private/src/shardkv/server.go:800 +0x4a5

goroutine 767339 [select, 9 minutes]:
6.5840/raft.(*Raft).ticker(0xc005043cc0)
	/home/hmc/learngo/mit-6.5840-private/src/raft/raft.go:902 +0x6b
created by 6.5840/raft.Make in goroutine 81439
	/home/hmc/learngo/mit-6.5840-private/src/raft/raft.go:1071 +0x336

goroutine 75566 [sync.Cond.Wait, 9 minutes]:
sync.runtime_notifyListWait(0xc0000cb6f0, 0xc)
	/usr/local/go/src/runtime/sema.go:597 +0x159
sync.(*Cond).Wait(0xc0005b46f0?)
	/usr/local/go/src/sync/cond.go:71 +0x85
6.5840/raft.(*Raft).applyLog(0xc0000cb680)
	/home/hmc/learngo/mit-6.5840-private/src/raft/raft.go:937 +0x26e
created by 6.5840/raft.Make in goroutine 42694
	/home/hmc/learngo/mit-6.5840-private/src/raft/raft.go:1073 +0x376

goroutine 1552698 [chan receive]:
6.5840/labrpc.(*ClientEnd).Call(0xc000a9dc00, {0x6b2a07?, 0x5c?}, {0x64fd60, 0xc00407af80}, {0x64fee0, 0xc0001ae480})
	/home/hmc/learngo/mit-6.5840-private/src/labrpc/labrpc.go:112 +0x226
6.5840/raft.(*Raft).sendApplyEntries(...)
	/home/hmc/learngo/mit-6.5840-private/src/raft/raft.go:544
6.5840/raft.(*Raft).sendApplyEntriesTo(0xc00066db80, 0x1, {0x1, 0x2, 0x6c06, 0x1, {0xc000123440, 0x8, 0x8}, 0x6c06})
	/home/hmc/learngo/mit-6.5840-private/src/raft/raft.go:709 +0x115
created by 6.5840/raft.(*Raft).sendHeartBeat in goroutine 1552602
	/home/hmc/learngo/mit-6.5840-private/src/raft/raft.go:824 +0x4e5

goroutine 706737 [sync.Cond.Wait, 9 minutes]:
sync.runtime_notifyListWait(0xc006cc2cf0, 0x11)
	/usr/local/go/src/runtime/sema.go:597 +0x159
sync.(*Cond).Wait(0xc0005746f0?)
	/usr/local/go/src/sync/cond.go:71 +0x85
6.5840/raft.(*Raft).applyLog(0xc006cc2c80)
	/home/hmc/learngo/mit-6.5840-private/src/raft/raft.go:937 +0x26e
created by 6.5840/raft.Make in goroutine 81439
	/home/hmc/learngo/mit-6.5840-private/src/raft/raft.go:1073 +0x376

goroutine 82214 [sleep]:
time.Sleep(0x5f5e100)
	/usr/local/go/src/runtime/time.go:338 +0x165
6.5840/shardkv.(*Clerk).PutAppend(0xc0003aa880, {0x6b9e3a, 0x1}, {0xc0069c2fb4, 0x1}, {0x6af26a, 0x6})
	/home/hmc/learngo/mit-6.5840-private/src/shardkv/client.go:126 +0x1c9
6.5840/shardkv.(*Clerk).Append(...)
	/home/hmc/learngo/mit-6.5840-private/src/shardkv/client.go:136
6.5840/shardkv.TestConcurrent3_5B.func1(0x8, 0xc0003aa880)
	/home/hmc/learngo/mit-6.5840-private/src/shardkv/test_test.go:583 +0x132
created by 6.5840/shardkv.TestConcurrent3_5B in goroutine 81439
	/home/hmc/learngo/mit-6.5840-private/src/shardkv/test_test.go:590 +0x317

goroutine 545675 [chan receive, 9 minutes]:
6.5840/shardkv.(*ShardKV).applier(0xc001177c20)
	/home/hmc/learngo/mit-6.5840-private/src/shardkv/server.go:408 +0x6a
created by 6.5840/shardkv.StartServer in goroutine 81439
	/home/hmc/learngo/mit-6.5840-private/src/shardkv/server.go:797 +0x456

goroutine 338352 [chan receive, 9 minutes]:
6.5840/shardkv.(*ShardKV).applier(0xc004b22a20)
	/home/hmc/learngo/mit-6.5840-private/src/shardkv/server.go:408 +0x6a
created by 6.5840/shardkv.StartServer in goroutine 81439
	/home/hmc/learngo/mit-6.5840-private/src/shardkv/server.go:797 +0x456

goroutine 706686 [sync.Cond.Wait, 9 minutes]:
sync.runtime_notifyListWait(0xc006cc26b0, 0x61b)
	/usr/local/go/src/runtime/sema.go:597 +0x159
sync.(*Cond).Wait(0xc002058280?)
	/usr/local/go/src/sync/cond.go:71 +0x85
6.5840/raft.(*Raft).applyLog(0xc006cc2640)
	/home/hmc/learngo/mit-6.5840-private/src/raft/raft.go:937 +0x26e
created by 6.5840/raft.Make in goroutine 81439
	/home/hmc/learngo/mit-6.5840-private/src/raft/raft.go:1073 +0x376

goroutine 75561 [chan receive, 9 minutes]:
6.5840/shardkv.(*ShardKV).applier(0xc00088e360)
	/home/hmc/learngo/mit-6.5840-private/src/shardkv/server.go:408 +0x6a
created by 6.5840/shardkv.StartServer in goroutine 42694
	/home/hmc/learngo/mit-6.5840-private/src/shardkv/server.go:797 +0x456

goroutine 81463 [select]:
6.5840/raft.(*Raft).ticker(0xc00066db80)
	/home/hmc/learngo/mit-6.5840-private/src/raft/raft.go:902 +0x6b
created by 6.5840/raft.Make in goroutine 81439
	/home/hmc/learngo/mit-6.5840-private/src/raft/raft.go:1071 +0x336

goroutine 677631 [chan receive, 9 minutes]:
6.5840/labrpc.(*Network).processReq.func2()
	/home/hmc/learngo/mit-6.5840-private/src/labrpc/labrpc.go:258 +0x19
created by 6.5840/labrpc.(*Network).processReq in goroutine 677480
	/home/hmc/learngo/mit-6.5840-private/src/labrpc/labrpc.go:257 +0x48f

goroutine 426344 [chan receive, 9 minutes]:
6.5840/shardkv.(*ShardKV).applier(0xc004388360)
	/home/hmc/learngo/mit-6.5840-private/src/shardkv/server.go:408 +0x6a
created by 6.5840/shardkv.StartServer in goroutine 81439
	/home/hmc/learngo/mit-6.5840-private/src/shardkv/server.go:797 +0x456

goroutine 767307 [sleep]:
time.Sleep(0x5f5e100)
	/usr/local/go/src/runtime/time.go:338 +0x165
6.5840/shardkv.(*ShardKV).tryReqShardData(0xc0076d6b40)
	/home/hmc/learngo/mit-6.5840-private/src/shardkv/server.go:363 +0x31
created by 6.5840/shardkv.StartServer in goroutine 81439
	/home/hmc/learngo/mit-6.5840-private/src/shardkv/server.go:804 +0x525

goroutine 545681 [sync.Cond.Wait, 9 minutes]:
sync.runtime_notifyListWait(0xc005f4ecf0, 0x45b)
	/usr/local/go/src/runtime/sema.go:597 +0x159
sync.(*Cond).Wait(0xc00692aaf0?)
	/usr/local/go/src/sync/cond.go:71 +0x85
6.5840/raft.(*Raft).applyLog(0xc005f4ec80)
	/home/hmc/learngo/mit-6.5840-private/src/raft/raft.go:937 +0x26e
created by 6.5840/raft.Make in goroutine 81439
	/home/hmc/learngo/mit-6.5840-private/src/raft/raft.go:1073 +0x376

goroutine 338358 [sync.Cond.Wait, 9 minutes]:
sync.runtime_notifyListWait(0xc0048671f0, 0x442)
	/usr/local/go/src/runtime/sema.go:597 +0x159
sync.(*Cond).Wait(0xc004867180?)
	/usr/local/go/src/sync/cond.go:71 +0x85
6.5840/raft.(*Raft).applyLog(0xc004867180)
	/home/hmc/learngo/mit-6.5840-private/src/raft/raft.go:937 +0x26e
created by 6.5840/raft.Make in goroutine 81439
	/home/hmc/learngo/mit-6.5840-private/src/raft/raft.go:1073 +0x376

goroutine 677565 [sync.Cond.Wait, 9 minutes]:
sync.runtime_notifyListWait(0xc006cc3e70, 0x87)
	/usr/local/go/src/runtime/sema.go:597 +0x159
sync.(*Cond).Wait(0xc0005396f0?)
	/usr/local/go/src/sync/cond.go:71 +0x85
6.5840/raft.(*Raft).applyLog(0xc006cc3e00)
	/home/hmc/learngo/mit-6.5840-private/src/raft/raft.go:937 +0x26e
created by 6.5840/raft.Make in goroutine 81439
	/home/hmc/learngo/mit-6.5840-private/src/raft/raft.go:1073 +0x376

goroutine 545577 [chan receive, 9 minutes]:
6.5840/shardkv.(*ShardKV).PutAppend(0xc0014699e0, 0xc0081545c0, 0xc00451da50)
	/home/hmc/learngo/mit-6.5840-private/src/shardkv/server.go:204 +0x2e5
reflect.Value.call({0xc000139310?, 0xc002a004c8?, 0xc002f5bb18?}, {0x6aef4f, 0x4}, {0xc002f5bd20, 0x3, 0xc002f5bb48?})
	/usr/local/go/src/reflect/value.go:581 +0xca6
reflect.Value.Call({0xc000139310?, 0xc002a004c8?, 0xc0067a2ff8?}, {0xc002f5bd20?, 0x475657?, 0x43a947?})
	/usr/local/go/src/reflect/value.go:365 +0xb9
6.5840/labrpc.(*Service).dispatch(0xc006c388c0, {0x6b2547, 0x9}, {{0x656d80, 0xc00451d0d0}, {0x6b253f, 0x11}, {0x71b0f8, 0x64c8a0}, {0xc005779180, ...}, ...})
	/home/hmc/learngo/mit-6.5840-private/src/labrpc/labrpc.go:506 +0x35f
6.5840/labrpc.(*Server).dispatch(0xc0024babe8, {{0x656d80, 0xc00451d0d0}, {0x6b253f, 0x11}, {0x71b0f8, 0x64c8a0}, {0xc005779180, 0x98, 0xa0}, ...})
	/home/hmc/learngo/mit-6.5840-private/src/labrpc/labrpc.go:430 +0x1e5
6.5840/labrpc.(*Network).processReq.func1()
	/home/hmc/learngo/mit-6.5840-private/src/labrpc/labrpc.go:240 +0x3f
created by 6.5840/labrpc.(*Network).processReq in goroutine 545576
	/home/hmc/learngo/mit-6.5840-private/src/labrpc/labrpc.go:239 +0x1d0

goroutine 123962 [chan receive, 9 minutes]:
6.5840/shardkv.(*ShardKV).PutAppend(0xc000a9b680, 0xc002ae1380, 0xc002cbfd20)
	/home/hmc/learngo/mit-6.5840-private/src/shardkv/server.go:204 +0x2e5
reflect.Value.call({0xc000139310?, 0xc000c669b0?, 0xc000f3bb18?}, {0x6aef4f, 0x4}, {0xc000f3bd20, 0x3, 0xc000f3bb48?})
	/usr/local/go/src/reflect/value.go:581 +0xca6
reflect.Value.Call({0xc000139310?, 0xc000c669b0?, 0xc000495908?}, {0xc000f3bd20?, 0x475657?, 0x42f77b?})
	/usr/local/go/src/reflect/value.go:365 +0xb9
6.5840/labrpc.(*Service).dispatch(0xc00080e380, {0x6b2547, 0x9}, {{0x656d80, 0xc002cbfa80}, {0x6b253f, 0x11}, {0x71b0f8, 0x64c8a0}, {0xc0015395e0, ...}, ...})
	/home/hmc/learngo/mit-6.5840-private/src/labrpc/labrpc.go:506 +0x35f
6.5840/labrpc.(*Server).dispatch(0xc000416a50, {{0x656d80, 0xc002cbfa80}, {0x6b253f, 0x11}, {0x71b0f8, 0x64c8a0}, {0xc0015395e0, 0x98, 0xa0}, ...})
	/home/hmc/learngo/mit-6.5840-private/src/labrpc/labrpc.go:430 +0x1e5
6.5840/labrpc.(*Network).processReq.func1()
	/home/hmc/learngo/mit-6.5840-private/src/labrpc/labrpc.go:240 +0x3f
created by 6.5840/labrpc.(*Network).processReq in goroutine 123961
	/home/hmc/learngo/mit-6.5840-private/src/labrpc/labrpc.go:239 +0x1d0

goroutine 767338 [sleep]:
time.Sleep(0x5f5e100)
	/usr/local/go/src/runtime/time.go:338 +0x165
6.5840/shardkv.(*ShardKV).tryGC(0xc009e60000)
	/home/hmc/learngo/mit-6.5840-private/src/shardkv/server.go:402 +0x31
created by 6.5840/shardkv.StartServer in goroutine 81439
	/home/hmc/learngo/mit-6.5840-private/src/shardkv/server.go:805 +0x565

goroutine 677573 [chan receive, 9 minutes]:
6.5840/shardkv.(*ShardKV).applier(0xc00a200120)
	/home/hmc/learngo/mit-6.5840-private/src/shardkv/server.go:408 +0x6a
created by 6.5840/shardkv.StartServer in goroutine 81439
	/home/hmc/learngo/mit-6.5840-private/src/shardkv/server.go:797 +0x456

goroutine 706759 [chan receive, 9 minutes]:
6.5840/shardkv.(*ShardKV).applier(0xc009400b40)
	/home/hmc/learngo/mit-6.5840-private/src/shardkv/server.go:408 +0x6a
created by 6.5840/shardkv.StartServer in goroutine 81439
	/home/hmc/learngo/mit-6.5840-private/src/shardkv/server.go:797 +0x456

goroutine 426315 [sync.Cond.Wait, 9 minutes]:
sync.runtime_notifyListWait(0xc0003e46b0, 0x288)
	/usr/local/go/src/runtime/sema.go:597 +0x159
sync.(*Cond).Wait(0xc0053baef0?)
	/usr/local/go/src/sync/cond.go:71 +0x85
6.5840/raft.(*Raft).applyLog(0xc0003e4640)
	/home/hmc/learngo/mit-6.5840-private/src/raft/raft.go:937 +0x26e
created by 6.5840/raft.Make in goroutine 81439
	/home/hmc/learngo/mit-6.5840-private/src/raft/raft.go:1073 +0x376

goroutine 1552710 [select]:
6.5840/labrpc.(*Network).processReq(0xc0002080a0, {{0x656d80, 0xc001fcb8b0}, {0x6b2a07, 0x11}, {0x71b0f8, 0x64fd60}, {0xc001a15400, 0x3ea, 0x400}, ...})
	/home/hmc/learngo/mit-6.5840-private/src/labrpc/labrpc.go:251 +0x3e5
created by 6.5840/labrpc.MakeNetwork.func1 in goroutine 81440
	/home/hmc/learngo/mit-6.5840-private/src/labrpc/labrpc.go:157 +0x58

goroutine 767336 [sleep]:
time.Sleep(0x5f5e100)
	/usr/local/go/src/runtime/time.go:338 +0x165
6.5840/shardkv.(*ShardKV).queryConfig(0xc009e60000)
	/home/hmc/learngo/mit-6.5840-private/src/shardkv/server.go:327 +0x2e
created by 6.5840/shardkv.StartServer in goroutine 81439
	/home/hmc/learngo/mit-6.5840-private/src/shardkv/server.go:803 +0x4e5

goroutine 545722 [chan receive, 9 minutes]:
6.5840/labrpc.(*Network).processReq.func2()
	/home/hmc/learngo/mit-6.5840-private/src/labrpc/labrpc.go:258 +0x19
created by 6.5840/labrpc.(*Network).processReq in goroutine 545527
	/home/hmc/learngo/mit-6.5840-private/src/labrpc/labrpc.go:257 +0x48f

goroutine 270816 [sync.Cond.Wait, 9 minutes]:
sync.runtime_notifyListWait(0xc004a53bf0, 0x6d)
	/usr/local/go/src/runtime/sema.go:597 +0x159
sync.(*Cond).Wait(0xc00062a6f0?)
	/usr/local/go/src/sync/cond.go:71 +0x85
6.5840/raft.(*Raft).applyLog(0xc004a53b80)
	/home/hmc/learngo/mit-6.5840-private/src/raft/raft.go:937 +0x26e
created by 6.5840/raft.Make in goroutine 81439
	/home/hmc/learngo/mit-6.5840-private/src/raft/raft.go:1073 +0x376

goroutine 426322 [sync.Cond.Wait, 9 minutes]:
sync.runtime_notifyListWait(0xc0003e5330, 0x3d9)
	/usr/local/go/src/runtime/sema.go:597 +0x159
sync.(*Cond).Wait(0xc001c91ef0?)
	/usr/local/go/src/sync/cond.go:71 +0x85
6.5840/raft.(*Raft).applyLog(0xc0003e52c0)
	/home/hmc/learngo/mit-6.5840-private/src/raft/raft.go:937 +0x26e
created by 6.5840/raft.Make in goroutine 81439
	/home/hmc/learngo/mit-6.5840-private/src/raft/raft.go:1073 +0x376

goroutine 545735 [chan receive, 9 minutes]:
6.5840/labrpc.(*Network).processReq.func2()
	/home/hmc/learngo/mit-6.5840-private/src/labrpc/labrpc.go:258 +0x19
created by 6.5840/labrpc.(*Network).processReq in goroutine 545601
	/home/hmc/learngo/mit-6.5840-private/src/labrpc/labrpc.go:257 +0x48f

goroutine 270700 [chan receive, 9 minutes]:
6.5840/shardkv.(*ShardKV).PutAppend(0xc002352120, 0xc004d4f480, 0xc004c0a2a0)
	/home/hmc/learngo/mit-6.5840-private/src/shardkv/server.go:204 +0x2e5
reflect.Value.call({0xc000139310?, 0xc0002c9e28?, 0xc0056c3b18?}, {0x6aef4f, 0x4}, {0xc0056c3d20, 0x3, 0xc0056c3b48?})
	/usr/local/go/src/reflect/value.go:581 +0xca6
reflect.Value.Call({0xc000139310?, 0xc0002c9e28?, 0xc0034fecb0?}, {0xc0056c3d20?, 0x475657?, 0x8d94e8?})
	/usr/local/go/src/reflect/value.go:365 +0xb9
6.5840/labrpc.(*Service).dispatch(0xc002a7b940, {0x6b2547, 0x9}, {{0x656d80, 0xc0038877c0}, {0x6b253f, 0x11}, {0x71b0f8, 0x64c8a0}, {0xc0003b61e0, ...}, ...})
	/home/hmc/learngo/mit-6.5840-private/src/labrpc/labrpc.go:506 +0x35f
6.5840/labrpc.(*Server).dispatch(0xc002507f50, {{0x656d80, 0xc0038877c0}, {0x6b253f, 0x11}, {0x71b0f8, 0x64c8a0}, {0xc0003b61e0, 0x98, 0xa0}, ...})
	/home/hmc/learngo/mit-6.5840-private/src/labrpc/labrpc.go:430 +0x1e5
6.5840/labrpc.(*Network).processReq.func1()
	/home/hmc/learngo/mit-6.5840-private/src/labrpc/labrpc.go:240 +0x3f
created by 6.5840/labrpc.(*Network).processReq in goroutine 270699
	/home/hmc/learngo/mit-6.5840-private/src/labrpc/labrpc.go:239 +0x1d0

goroutine 270886 [chan receive, 9 minutes]:
6.5840/labrpc.(*Network).processReq.func2()
	/home/hmc/learngo/mit-6.5840-private/src/labrpc/labrpc.go:258 +0x19
created by 6.5840/labrpc.(*Network).processReq in goroutine 270754
	/home/hmc/learngo/mit-6.5840-private/src/labrpc/labrpc.go:257 +0x48f

goroutine 767346 [select]:
6.5840/raft.(*Raft).ticker(0xc005043e00)
	/home/hmc/learngo/mit-6.5840-private/src/raft/raft.go:902 +0x6b
created by 6.5840/raft.Make in goroutine 81439
	/home/hmc/learngo/mit-6.5840-private/src/raft/raft.go:1071 +0x336

goroutine 426337 [chan receive, 9 minutes]:
6.5840/shardkv.(*ShardKV).applier(0xc000a35c20)
	/home/hmc/learngo/mit-6.5840-private/src/shardkv/server.go:408 +0x6a
created by 6.5840/shardkv.StartServer in goroutine 81439
	/home/hmc/learngo/mit-6.5840-private/src/shardkv/server.go:797 +0x456

goroutine 1552739 [chan receive]:
6.5840/labrpc.(*ClientEnd).Call(0xc000a9daa0, {0x6b2a07?, 0x1f?}, {0x64fd60, 0xc009e8c1c0}, {0x64fee0, 0xc002081650})
	/home/hmc/learngo/mit-6.5840-private/src/labrpc/labrpc.go:112 +0x226
6.5840/raft.(*Raft).sendApplyEntries(...)
	/home/hmc/learngo/mit-6.5840-private/src/raft/raft.go:544
6.5840/raft.(*Raft).sendApplyEntriesTo(0xc00066db80, 0x0, {0x1, 0x2, 0x6c08, 0x1, {0xc001e789a0, 0x7, 0x7}, 0x6c08})
	/home/hmc/learngo/mit-6.5840-private/src/raft/raft.go:709 +0x115
created by 6.5840/raft.(*Raft).sendHeartBeat in goroutine 1552657
	/home/hmc/learngo/mit-6.5840-private/src/raft/raft.go:824 +0x4e5

goroutine 338466 [chan receive, 9 minutes]:
6.5840/labrpc.(*Network).processReq.func2()
	/home/hmc/learngo/mit-6.5840-private/src/labrpc/labrpc.go:258 +0x19
created by 6.5840/labrpc.(*Network).processReq in goroutine 338275
	/home/hmc/learngo/mit-6.5840-private/src/labrpc/labrpc.go:257 +0x48f

goroutine 123980 [chan receive, 9 minutes]:
6.5840/shardkv.(*ShardKV).applier(0xc0023527e0)
	/home/hmc/learngo/mit-6.5840-private/src/shardkv/server.go:408 +0x6a
created by 6.5840/shardkv.StartServer in goroutine 81439
	/home/hmc/learngo/mit-6.5840-private/src/shardkv/server.go:797 +0x456

goroutine 270796 [chan receive, 9 minutes]:
6.5840/shardkv.(*ShardKV).applier(0xc004b230e0)
	/home/hmc/learngo/mit-6.5840-private/src/shardkv/server.go:408 +0x6a
created by 6.5840/shardkv.StartServer in goroutine 81439
	/home/hmc/learngo/mit-6.5840-private/src/shardkv/server.go:797 +0x456

goroutine 1552601 [select]:
6.5840/labrpc.(*Network).processReq(0xc0002080a0, {{0x656d80, 0xc00161b690}, {0x6b29e5, 0x11}, {0x71b0f8, 0x64fba0}, {0xc000017c00, 0x77, 0x80}, ...})
	/home/hmc/learngo/mit-6.5840-private/src/labrpc/labrpc.go:251 +0x3e5
created by 6.5840/labrpc.MakeNetwork.func1 in goroutine 81440
	/home/hmc/learngo/mit-6.5840-private/src/labrpc/labrpc.go:157 +0x58

goroutine 270838 [chan receive, 9 minutes]:
6.5840/shardkv.(*ShardKV).applier(0xc000d246c0)
	/home/hmc/learngo/mit-6.5840-private/src/shardkv/server.go:408 +0x6a
created by 6.5840/shardkv.StartServer in goroutine 81439
	/home/hmc/learngo/mit-6.5840-private/src/shardkv/server.go:797 +0x456

goroutine 123972 [sync.Cond.Wait, 9 minutes]:
sync.runtime_notifyListWait(0xc0003e4930, 0x8e6)
	/usr/local/go/src/runtime/sema.go:597 +0x159
sync.(*Cond).Wait(0xc001c77ef0?)
	/usr/local/go/src/sync/cond.go:71 +0x85
6.5840/raft.(*Raft).applyLog(0xc0003e48c0)
	/home/hmc/learngo/mit-6.5840-private/src/raft/raft.go:937 +0x26e
created by 6.5840/raft.Make in goroutine 81439
	/home/hmc/learngo/mit-6.5840-private/src/raft/raft.go:1073 +0x376

goroutine 338366 [chan receive, 9 minutes]:
6.5840/shardkv.(*ShardKV).applier(0xc0029fefc0)
	/home/hmc/learngo/mit-6.5840-private/src/shardkv/server.go:408 +0x6a
created by 6.5840/shardkv.StartServer in goroutine 81439
	/home/hmc/learngo/mit-6.5840-private/src/shardkv/server.go:797 +0x456

goroutine 426330 [chan receive, 9 minutes]:
6.5840/shardkv.(*ShardKV).applier(0xc0036519e0)
	/home/hmc/learngo/mit-6.5840-private/src/shardkv/server.go:408 +0x6a
created by 6.5840/shardkv.StartServer in goroutine 81439
	/home/hmc/learngo/mit-6.5840-private/src/shardkv/server.go:797 +0x456

goroutine 124038 [chan receive, 9 minutes]:
6.5840/shardkv.(*ShardKV).applier(0xc0016e5c20)
	/home/hmc/learngo/mit-6.5840-private/src/shardkv/server.go:408 +0x6a
created by 6.5840/shardkv.StartServer in goroutine 81439
	/home/hmc/learngo/mit-6.5840-private/src/shardkv/server.go:797 +0x456

goroutine 767357 [sleep]:
time.Sleep(0x5f5e100)
	/usr/local/go/src/runtime/time.go:338 +0x165
6.5840/shardkv.(*ShardKV).queryConfig(0xc00761c7e0)
	/home/hmc/learngo/mit-6.5840-private/src/shardkv/server.go:327 +0x2e
created by 6.5840/shardkv.StartServer in goroutine 81439
	/home/hmc/learngo/mit-6.5840-private/src/shardkv/server.go:803 +0x4e5

goroutine 677315 [chan receive, 9 minutes]:
6.5840/shardkv.(*ShardKV).PutAppend(0xc0012fbd40, 0xc0047d9b40, 0xc009fb2b80)
	/home/hmc/learngo/mit-6.5840-private/src/shardkv/server.go:204 +0x2e5
reflect.Value.call({0xc000139310?, 0xc006fafd58?, 0xc006583b18?}, {0x6aef4f, 0x4}, {0xc006583d20, 0x3, 0xc006583b48?})
	/usr/local/go/src/reflect/value.go:581 +0xca6
reflect.Value.Call({0xc000139310?, 0xc006fafd58?, 0xc0099832e0?}, {0xc006583d20?, 0x475657?, 0x43a947?})
	/usr/local/go/src/reflect/value.go:365 +0xb9
6.5840/labrpc.(*Service).dispatch(0xc0082bc100, {0x6b2547, 0x9}, {{0x656d80, 0xc009fb28f0}, {0x6b253f, 0x11}, {0x71b0f8, 0x64c8a0}, {0xc0084cd7c0, ...}, ...})
	/home/hmc/learngo/mit-6.5840-private/src/labrpc/labrpc.go:506 +0x35f
6.5840/labrpc.(*Server).dispatch(0xc009a67368, {{0x656d80, 0xc009fb28f0}, {0x6b253f, 0x11}, {0x71b0f8, 0x64c8a0}, {0xc0084cd7c0, 0x98, 0xa0}, ...})
	/home/hmc/learngo/mit-6.5840-private/src/labrpc/labrpc.go:430 +0x1e5
6.5840/labrpc.(*Network).processReq.func1()
	/home/hmc/learngo/mit-6.5840-private/src/labrpc/labrpc.go:240 +0x3f
created by 6.5840/labrpc.(*Network).processReq in goroutine 677314
	/home/hmc/learngo/mit-6.5840-private/src/labrpc/labrpc.go:239 +0x1d0

goroutine 677421 [chan receive, 9 minutes]:
6.5840/shardkv.(*ShardKV).PutAppend(0xc000d24b40, 0xc007ec3000, 0xc00aa31a10)
	/home/hmc/learngo/mit-6.5840-private/src/shardkv/server.go:204 +0x2e5
reflect.Value.call({0xc000139310?, 0xc006fae180?, 0xc0013d1b18?}, {0x6aef4f, 0x4}, {0xc0013d1d20, 0x3, 0xc0013d1b48?})
	/usr/local/go/src/reflect/value.go:581 +0xca6
reflect.Value.Call({0xc000139310?, 0xc006fae180?, 0xc0097694d0?}, {0xc0013d1d20?, 0x475657?, 0x8d94e8?})
	/usr/local/go/src/reflect/value.go:365 +0xb9
6.5840/labrpc.(*Service).dispatch(0xc006fa37c0, {0x6b2547, 0x9}, {{0x656d80, 0xc00aa31660}, {0x6b253f, 0x11}, {0x71b0f8, 0x64c8a0}, {0xc007b95c20, ...}, ...})
	/home/hmc/learngo/mit-6.5840-private/src/labrpc/labrpc.go:506 +0x35f
6.5840/labrpc.(*Server).dispatch(0xc009d54d98, {{0x656d80, 0xc00aa31660}, {0x6b253f, 0x11}, {0x71b0f8, 0x64c8a0}, {0xc007b95c20, 0x98, 0xa0}, ...})
	/home/hmc/learngo/mit-6.5840-private/src/labrpc/labrpc.go:430 +0x1e5
6.5840/labrpc.(*Network).processReq.func1()
	/home/hmc/learngo/mit-6.5840-private/src/labrpc/labrpc.go:240 +0x3f
created by 6.5840/labrpc.(*Network).processReq in goroutine 677420
	/home/hmc/learngo/mit-6.5840-private/src/labrpc/labrpc.go:239 +0x1d0

goroutine 124032 [chan receive, 9 minutes]:
6.5840/labrpc.(*Network).processReq.func2()
	/home/hmc/learngo/mit-6.5840-private/src/labrpc/labrpc.go:258 +0x19
created by 6.5840/labrpc.(*Network).processReq in goroutine 123961
	/home/hmc/learngo/mit-6.5840-private/src/labrpc/labrpc.go:257 +0x48f

goroutine 706752 [chan receive, 9 minutes]:
6.5840/shardkv.(*ShardKV).applier(0xc001469c20)
	/home/hmc/learngo/mit-6.5840-private/src/shardkv/server.go:408 +0x6a
created by 6.5840/shardkv.StartServer in goroutine 81439
	/home/hmc/learngo/mit-6.5840-private/src/shardkv/server.go:797 +0x456

goroutine 545737 [chan receive, 9 minutes]:
6.5840/labrpc.(*Network).processReq.func2()
	/home/hmc/learngo/mit-6.5840-private/src/labrpc/labrpc.go:258 +0x19
created by 6.5840/labrpc.(*Network).processReq in goroutine 545634
	/home/hmc/learngo/mit-6.5840-private/src/labrpc/labrpc.go:257 +0x48f

goroutine 545661 [chan receive, 9 minutes]:
6.5840/shardkv.(*ShardKV).applier(0xc001176c60)
	/home/hmc/learngo/mit-6.5840-private/src/shardkv/server.go:408 +0x6a
created by 6.5840/shardkv.StartServer in goroutine 81439
	/home/hmc/learngo/mit-6.5840-private/src/shardkv/server.go:797 +0x456

goroutine 767376 [chan receive, 9 minutes]:
6.5840/shardkv.(*ShardKV).applier(0xc0067747e0)
	/home/hmc/learngo/mit-6.5840-private/src/shardkv/server.go:408 +0x6a
created by 6.5840/shardkv.StartServer in goroutine 81439
	/home/hmc/learngo/mit-6.5840-private/src/shardkv/server.go:797 +0x456

goroutine 706751 [sync.Cond.Wait, 9 minutes]:
sync.runtime_notifyListWait(0xc006cc2f70, 0x182)
	/usr/local/go/src/runtime/sema.go:597 +0x159
sync.(*Cond).Wait(0xc009bec640?)
	/usr/local/go/src/sync/cond.go:71 +0x85
6.5840/raft.(*Raft).applyLog(0xc006cc2f00)
	/home/hmc/learngo/mit-6.5840-private/src/raft/raft.go:937 +0x26e
created by 6.5840/raft.Make in goroutine 81439
	/home/hmc/learngo/mit-6.5840-private/src/raft/raft.go:1073 +0x376

goroutine 767380 [sleep]:
time.Sleep(0x5f5e100)
	/usr/local/go/src/runtime/time.go:338 +0x165
6.5840/shardkv.(*ShardKV).tryGC(0xc0067747e0)
	/home/hmc/learngo/mit-6.5840-private/src/shardkv/server.go:402 +0x31
created by 6.5840/shardkv.StartServer in goroutine 81439
	/home/hmc/learngo/mit-6.5840-private/src/shardkv/server.go:805 +0x565

goroutine 270831 [chan receive, 9 minutes]:
6.5840/shardkv.(*ShardKV).applier(0xc001d457a0)
	/home/hmc/learngo/mit-6.5840-private/src/shardkv/server.go:408 +0x6a
created by 6.5840/shardkv.StartServer in goroutine 81439
	/home/hmc/learngo/mit-6.5840-private/src/shardkv/server.go:797 +0x456

goroutine 767309 [select]:
6.5840/raft.(*Raft).ticker(0xc005043a40)
	/home/hmc/learngo/mit-6.5840-private/src/raft/raft.go:902 +0x6b
created by 6.5840/raft.Make in goroutine 81439
	/home/hmc/learngo/mit-6.5840-private/src/raft/raft.go:1071 +0x336

goroutine 123918 [chan receive, 9 minutes]:
6.5840/shardkv.(*ShardKV).applier(0xc0006b3440)
	/home/hmc/learngo/mit-6.5840-private/src/shardkv/server.go:408 +0x6a
created by 6.5840/shardkv.StartServer in goroutine 81439
	/home/hmc/learngo/mit-6.5840-private/src/shardkv/server.go:797 +0x456

goroutine 1552709 [sync.Mutex.Lock]:
internal/sync.runtime_SemacquireMutex(0x3?, 0x4?, 0xc00001da60?)
	/usr/local/go/src/runtime/sema.go:95 +0x25
internal/sync.(*Mutex).lockSlow(0xc00066d900)
	/usr/local/go/src/internal/sync/mutex.go:149 +0x15d
internal/sync.(*Mutex).Lock(...)
	/usr/local/go/src/internal/sync/mutex.go:70
sync.(*Mutex).Lock(...)
	/usr/local/go/src/sync/mutex.go:46
6.5840/raft.(*Raft).ApplyEntries(0xc00066d900, 0xc00407aa40, 0xc0001ae450)
	/home/hmc/learngo/mit-6.5840-private/src/raft/raft.go:443 +0x6d
reflect.Value.call({0xc000138690?, 0xc000c66548?, 0xc001e9fb18?}, {0x6aef4f, 0x4}, {0xc001e9fd20, 0x3, 0xc001e9fb48?})
	/usr/local/go/src/reflect/value.go:581 +0xca6
reflect.Value.Call({0xc000138690?, 0xc000c66548?, 0xc0078d8bd0?}, {0xc001e9fd20?, 0x475657?, 0x0?})
	/usr/local/go/src/reflect/value.go:365 +0xb9
6.5840/labrpc.(*Service).dispatch(0xc000810d00, {0x6b2a0c, 0xc}, {{0x656d80, 0xc001fcb870}, {0x6b2a07, 0x11}, {0x71b0f8, 0x64fd60}, {0xc001a15000, ...}, ...})
	/home/hmc/learngo/mit-6.5840-private/src/labrpc/labrpc.go:506 +0x35f
6.5840/labrpc.(*Server).dispatch(0xc000665b48, {{0x656d80, 0xc001fcb870}, {0x6b2a07, 0x11}, {0x71b0f8, 0x64fd60}, {0xc001a15000, 0x3ea, 0x400}, ...})
	/home/hmc/learngo/mit-6.5840-private/src/labrpc/labrpc.go:430 +0x1e5
6.5840/labrpc.(*Network).processReq.func1()
	/home/hmc/learngo/mit-6.5840-private/src/labrpc/labrpc.go:240 +0x3f
created by 6.5840/labrpc.(*Network).processReq in goroutine 1552708
	/home/hmc/learngo/mit-6.5840-private/src/labrpc/labrpc.go:239 +0x1d0

goroutine 270803 [chan receive, 9 minutes]:
6.5840/shardkv.(*ShardKV).applier(0xc004b237a0)
	/home/hmc/learngo/mit-6.5840-private/src/shardkv/server.go:408 +0x6a
created by 6.5840/shardkv.StartServer in goroutine 81439
	/home/hmc/learngo/mit-6.5840-private/src/shardkv/server.go:797 +0x456

goroutine 767308 [sleep]:
time.Sleep(0x5f5e100)
	/usr/local/go/src/runtime/time.go:338 +0x165
6.5840/shardkv.(*ShardKV).tryGC(0xc0076d6b40)
	/home/hmc/learngo/mit-6.5840-private/src/shardkv/server.go:402 +0x31
created by 6.5840/shardkv.StartServer in goroutine 81439
	/home/hmc/learngo/mit-6.5840-private/src/shardkv/server.go:805 +0x565

goroutine 706710 [chan receive, 9 minutes]:
6.5840/shardkv.(*ShardKV).applier(0xc004932240)
	/home/hmc/learngo/mit-6.5840-private/src/shardkv/server.go:408 +0x6a
created by 6.5840/shardkv.StartServer in goroutine 81439
	/home/hmc/learngo/mit-6.5840-private/src/shardkv/server.go:797 +0x456

goroutine 1552699 [chan receive]:
6.5840/labrpc.(*ClientEnd).Call(0xc000a9daa0, {0x6b2a07?, 0x14?}, {0x64fd60, 0xc00271f600}, {0x64fee0, 0xc0001ed980})
	/home/hmc/learngo/mit-6.5840-private/src/labrpc/labrpc.go:112 +0x226
6.5840/raft.(*Raft).sendApplyEntries(...)
	/home/hmc/learngo/mit-6.5840-private/src/raft/raft.go:544
6.5840/raft.(*Raft).sendApplyEntriesTo(0xc00066db80, 0x0, {0x1, 0x2, 0x6c06, 0x1, {0xc0001235c0, 0x8, 0x8}, 0x6c06})
	/home/hmc/learngo/mit-6.5840-private/src/raft/raft.go:709 +0x115
created by 6.5840/raft.(*Raft).sendHeartBeat in goroutine 81463
	/home/hmc/learngo/mit-6.5840-private/src/raft/raft.go:824 +0x4e5

goroutine 677640 [chan receive, 9 minutes]:
6.5840/labrpc.(*Network).processReq.func2()
	/home/hmc/learngo/mit-6.5840-private/src/labrpc/labrpc.go:258 +0x19
created by 6.5840/labrpc.(*Network).processReq in goroutine 677326
	/home/hmc/learngo/mit-6.5840-private/src/labrpc/labrpc.go:257 +0x48f

goroutine 338344 [sync.Cond.Wait, 9 minutes]:
sync.runtime_notifyListWait(0xc004866f70, 0x36d)
	/usr/local/go/src/runtime/sema.go:597 +0x159
sync.(*Cond).Wait(0xc0010a90e0?)
	/usr/local/go/src/sync/cond.go:71 +0x85
6.5840/raft.(*Raft).applyLog(0xc004866f00)
	/home/hmc/learngo/mit-6.5840-private/src/raft/raft.go:937 +0x26e
created by 6.5840/raft.Make in goroutine 81439
	/home/hmc/learngo/mit-6.5840-private/src/raft/raft.go:1073 +0x376

goroutine 426272 [chan receive, 9 minutes]:
6.5840/shardkv.(*ShardKV).applier(0xc001468480)
	/home/hmc/learngo/mit-6.5840-private/src/shardkv/server.go:408 +0x6a
created by 6.5840/shardkv.StartServer in goroutine 81439
	/home/hmc/learngo/mit-6.5840-private/src/shardkv/server.go:797 +0x456

goroutine 677609 [chan receive, 9 minutes]:
6.5840/labrpc.(*Network).processReq.func2()
	/home/hmc/learngo/mit-6.5840-private/src/labrpc/labrpc.go:258 +0x19
created by 6.5840/labrpc.(*Network).processReq in goroutine 677348
	/home/hmc/learngo/mit-6.5840-private/src/labrpc/labrpc.go:257 +0x48f

goroutine 338389 [chan receive, 9 minutes]:
6.5840/shardkv.(*ShardKV).applier(0xc0029ff9e0)
	/home/hmc/learngo/mit-6.5840-private/src/shardkv/server.go:408 +0x6a
created by 6.5840/shardkv.StartServer in goroutine 81439
	/home/hmc/learngo/mit-6.5840-private/src/shardkv/server.go:797 +0x456

goroutine 767300 [sync.Cond.Wait, 9 minutes]:
sync.runtime_notifyListWait(0xc005043970, 0xf77)
	/usr/local/go/src/runtime/sema.go:597 +0x159
sync.(*Cond).Wait(0xc001367ef0?)
	/usr/local/go/src/sync/cond.go:71 +0x85
6.5840/raft.(*Raft).applyLog(0xc005043900)
	/home/hmc/learngo/mit-6.5840-private/src/raft/raft.go:937 +0x26e
created by 6.5840/raft.Make in goroutine 81439
	/home/hmc/learngo/mit-6.5840-private/src/raft/raft.go:1073 +0x376

goroutine 1552759 [runnable]:
reflect.Value.Elem({0x64fb20?, 0xc00541c5e8?, 0x16?})
	/usr/local/go/src/reflect/value.go:1215 +0x1a5
encoding/gob.allocValue({0x71b0f8?, 0x681e40?})
	/usr/local/go/src/encoding/gob/decode.go:1308 +0x25
encoding/gob.(*Decoder).decodeInterface(0xc006134630, {0x71b0f8, 0x663cc0}, 0xc009e7adc0, {0x663cc0?, 0xc000e26270?, 0xc00003bd18?})
	/usr/local/go/src/encoding/gob/decode.go:715 +0x21a
encoding/gob.(*Decoder).decOpFor.func5(0x682200?, 0xc000e26270?, {0x663cc0?, 0xc000e26270?, 0x0?})
	/usr/local/go/src/encoding/gob/decode.go:901 +0x3a
encoding/gob.(*Decoder).decodeStruct(0xc001963618?, 0xc0063cd720, {0x682200?, 0xc000e26270?, 0x2d?})
	/usr/local/go/src/encoding/gob/decode.go:494 +0x15f
encoding/gob.(*Decoder).decOpFor.func4(0x655000?, 0xc00530c8e0?, {0x682200?, 0xc000e26270?, 0xc001963670?})
	/usr/local/go/src/encoding/gob/decode.go:897 +0x28
encoding/gob.(*Decoder).decodeArrayHelper(0xc00530c8e0?, 0xc00155d780, {0x655000?, 0xc00530c8e0?, 0x4763b9?}, 0xc00541c3d8, 0x7, {0x716378, 0xc00205f880}, 0x0)
	/usr/local/go/src/encoding/gob/decode.go:565 +0x21f
encoding/gob.(*Decoder).decodeSlice(0xc006134630, 0xc00155d780, {0x655000?, 0xc00530c8e0?, 0x16?}, 0xc00541c3d8, {0x716378, 0xc00205f880}, 0x0)
	/usr/local/go/src/encoding/gob/decode.go:667 +0x2c5
encoding/gob.(*Decoder).decOpFor.func3(0x698e60?, 0xc00530c8c0?, {0x655000?, 0xc00530c8e0?, 0x6b0bba?})
	/usr/local/go/src/encoding/gob/decode.go:885 +0x33
encoding/gob.(*Decoder).decodeStruct(0xc000237480?, 0xc007a53d60, {0x698e60?, 0xc00530c8c0?, 0x716a80?})
	/usr/local/go/src/encoding/gob/decode.go:494 +0x15f
encoding/gob.(*Decoder).decodeValue(0xc006134630, 0x49, {0xc000237480?, 0xc0046edb90?, 0xc00005d530?})
	/usr/local/go/src/encoding/gob/decode.go:1250 +0x236
encoding/gob.(*Decoder).DecodeValue(0xc006134630, {0xc000237480?, 0xc0046edb90?, 0xc001f5fb20?})
	/usr/local/go/src/encoding/gob/decoder.go:231 +0x195
encoding/gob.(*Decoder).Decode(0xc006134630, {0xc000237480?, 0xc0046edb90?})
	/usr/local/go/src/encoding/gob/decoder.go:206 +0x125
6.5840/labgob.(*LabDecoder).Decode(0xc001f5fc88, {0xc000237480, 0xc0046edb90})
	/home/hmc/learngo/mit-6.5840-private/src/labgob/labgob.go:55 +0x4e
6.5840/labrpc.(*Service).dispatch(0xc000811180, {0x6b2a0c, 0xc}, {{0x656d80, 0xc001fcb8b0}, {0x6b2a07, 0x11}, {0x71b0f8, 0x64fd60}, {0xc00010ac00, ...}, ...})
	/home/hmc/learngo/mit-6.5840-private/src/labrpc/labrpc.go:497 +0x20c
6.5840/labrpc.(*Server).dispatch(0xc000665c20, {{0x656d80, 0xc001fcb8b0}, {0x6b2a07, 0x11}, {0x71b0f8, 0x64fd60}, {0xc00010ac00, 0x396, 0x400}, ...})
	/home/hmc/learngo/mit-6.5840-private/src/labrpc/labrpc.go:430 +0x1e5
6.5840/labrpc.(*Network).processReq.func1()
	/home/hmc/learngo/mit-6.5840-private/src/labrpc/labrpc.go:240 +0x3f
created by 6.5840/labrpc.(*Network).processReq in goroutine 1552758
	/home/hmc/learngo/mit-6.5840-private/src/labrpc/labrpc.go:239 +0x1d0

goroutine 767350 [sync.Mutex.Lock]:
internal/sync.runtime_SemacquireMutex(0x600cf8?, 0x0?, 0x1000000000002?)
	/usr/local/go/src/runtime/sema.go:95 +0x25
internal/sync.(*Mutex).lockSlow(0xc009e610e0)
	/usr/local/go/src/internal/sync/mutex.go:149 +0x15d
internal/sync.(*Mutex).Lock(...)
	/usr/local/go/src/internal/sync/mutex.go:70
sync.(*Mutex).Lock(...)
	/usr/local/go/src/sync/mutex.go:46
6.5840/shardkv.(*ShardKV).queryConfig(0xc009e610e0)
	/home/hmc/learngo/mit-6.5840-private/src/shardkv/server.go:316 +0x6c
created by 6.5840/shardkv.StartServer in goroutine 81439
	/home/hmc/learngo/mit-6.5840-private/src/shardkv/server.go:803 +0x4e5

goroutine 767333 [sync.Cond.Wait, 9 minutes]:
sync.runtime_notifyListWait(0xc005043bf0, 0xf18)
	/usr/local/go/src/runtime/sema.go:597 +0x159
sync.(*Cond).Wait(0xc005b94ef0?)
	/usr/local/go/src/sync/cond.go:71 +0x85
6.5840/raft.(*Raft).applyLog(0xc005043b80)
	/home/hmc/learngo/mit-6.5840-private/src/raft/raft.go:937 +0x26e
created by 6.5840/raft.Make in goroutine 81439
	/home/hmc/learngo/mit-6.5840-private/src/raft/raft.go:1073 +0x376

goroutine 270863 [chan receive, 9 minutes]:
6.5840/labrpc.(*Network).processReq.func2()
	/home/hmc/learngo/mit-6.5840-private/src/labrpc/labrpc.go:258 +0x19
created by 6.5840/labrpc.(*Network).processReq in goroutine 270699
	/home/hmc/learngo/mit-6.5840-private/src/labrpc/labrpc.go:257 +0x48f

goroutine 338351 [sync.Cond.Wait, 9 minutes]:
sync.runtime_notifyListWait(0xc0048670b0, 0x53a)
	/usr/local/go/src/runtime/sema.go:597 +0x159
sync.(*Cond).Wait(0xc000659ef0?)
	/usr/local/go/src/sync/cond.go:71 +0x85
6.5840/raft.(*Raft).applyLog(0xc004867040)
	/home/hmc/learngo/mit-6.5840-private/src/raft/raft.go:937 +0x26e
created by 6.5840/raft.Make in goroutine 81439
	/home/hmc/learngo/mit-6.5840-private/src/raft/raft.go:1073 +0x376

goroutine 426309 [chan receive, 9 minutes]:
6.5840/shardkv.(*ShardKV).applier(0xc00098e7e0)
	/home/hmc/learngo/mit-6.5840-private/src/shardkv/server.go:408 +0x6a
created by 6.5840/shardkv.StartServer in goroutine 81439
	/home/hmc/learngo/mit-6.5840-private/src/shardkv/server.go:797 +0x456

goroutine 426295 [chan receive, 9 minutes]:
6.5840/shardkv.(*ShardKV).applier(0xc001468fc0)
	/home/hmc/learngo/mit-6.5840-private/src/shardkv/server.go:408 +0x6a
created by 6.5840/shardkv.StartServer in goroutine 81439
	/home/hmc/learngo/mit-6.5840-private/src/shardkv/server.go:797 +0x456

goroutine 1552704 [chan receive]:
6.5840/labrpc.(*ClientEnd).Call(0xc002422980, {0x6b29e5?, 0xc00018b7a0?}, {0x64fba0, 0xc00147f530}, {0x64fce0, 0xc002c3c380})
	/home/hmc/learngo/mit-6.5840-private/src/labrpc/labrpc.go:112 +0x226
6.5840/shardctrler.(*Clerk).makeCall.func1()
	/home/hmc/learngo/mit-6.5840-private/src/shardctrler/client.go:167 +0x4c
created by 6.5840/shardctrler.(*Clerk).makeCall in goroutine 270821
	/home/hmc/learngo/mit-6.5840-private/src/shardctrler/client.go:166 +0x128

goroutine 338270 [chan receive, 9 minutes]:
6.5840/shardkv.(*ShardKV).PutAppend(0xc004b22900, 0xc00526e240, 0xc004be77d0)
	/home/hmc/learngo/mit-6.5840-private/src/shardkv/server.go:204 +0x2e5
reflect.Value.call({0xc000139310?, 0xc000cd6de0?, 0xc000f37b18?}, {0x6aef4f, 0x4}, {0xc000f37d20, 0x3, 0xc000f37b48?})
	/usr/local/go/src/reflect/value.go:581 +0xca6
reflect.Value.Call({0xc000139310?, 0xc000cd6de0?, 0xc005233b88?}, {0xc000f37d20?, 0x475657?, 0x43a947?})
	/usr/local/go/src/reflect/value.go:365 +0xb9
6.5840/labrpc.(*Service).dispatch(0xc005ca1800, {0x6b2547, 0x9}, {{0x656d80, 0xc004be7190}, {0x6b253f, 0x11}, {0x71b0f8, 0x64c8a0}, {0xc002315180, ...}, ...})
	/home/hmc/learngo/mit-6.5840-private/src/labrpc/labrpc.go:506 +0x35f
6.5840/labrpc.(*Server).dispatch(0xc0024bb440, {{0x656d80, 0xc004be7190}, {0x6b253f, 0x11}, {0x71b0f8, 0x64c8a0}, {0xc002315180, 0x98, 0xa0}, ...})
	/home/hmc/learngo/mit-6.5840-private/src/labrpc/labrpc.go:430 +0x1e5
6.5840/labrpc.(*Network).processReq.func1()
	/home/hmc/learngo/mit-6.5840-private/src/labrpc/labrpc.go:240 +0x3f
created by 6.5840/labrpc.(*Network).processReq in goroutine 338269
	/home/hmc/learngo/mit-6.5840-private/src/labrpc/labrpc.go:239 +0x1d0

goroutine 677580 [chan receive, 9 minutes]:
6.5840/shardkv.(*ShardKV).applier(0xc00a200900)
	/home/hmc/learngo/mit-6.5840-private/src/shardkv/server.go:408 +0x6a
created by 6.5840/shardkv.StartServer in goroutine 81439
	/home/hmc/learngo/mit-6.5840-private/src/shardkv/server.go:797 +0x456

goroutine 677464 [chan receive, 9 minutes]:
6.5840/shardkv.(*ShardKV).PutAppend(0xc001176c60, 0xc008663ac0, 0xc009d35a10)
	/home/hmc/learngo/mit-6.5840-private/src/shardkv/server.go:204 +0x2e5
reflect.Value.call({0xc000139310?, 0xc006faeac8?, 0xc0027fdb18?}, {0x6aef4f, 0x4}, {0xc0027fdd20, 0x3, 0xc0027fdb48?})
	/usr/local/go/src/reflect/value.go:581 +0xca6
reflect.Value.Call({0xc000139310?, 0xc006faeac8?, 0xc009ed2038?}, {0xc0027fdd20?, 0x475657?, 0x43a947?})
	/usr/local/go/src/reflect/value.go:365 +0xb9
6.5840/labrpc.(*Service).dispatch(0xc007fbab40, {0x6b2547, 0x9}, {{0x656d80, 0xc009d35010}, {0x6b253f, 0x11}, {0x71b0f8, 0x64c8a0}, {0xc009ed6000, ...}, ...})
	/home/hmc/learngo/mit-6.5840-private/src/labrpc/labrpc.go:506 +0x35f
6.5840/labrpc.(*Server).dispatch(0xc004e577e8, {{0x656d80, 0xc009d35010}, {0x6b253f, 0x11}, {0x71b0f8, 0x64c8a0}, {0xc009ed6000, 0x98, 0xa0}, ...})
	/home/hmc/learngo/mit-6.5840-private/src/labrpc/labrpc.go:430 +0x1e5
6.5840/labrpc.(*Network).processReq.func1()
	/home/hmc/learngo/mit-6.5840-private/src/labrpc/labrpc.go:240 +0x3f
created by 6.5840/labrpc.(*Network).processReq in goroutine 677463
	/home/hmc/learngo/mit-6.5840-private/src/labrpc/labrpc.go:239 +0x1d0

goroutine 338365 [sync.Cond.Wait, 9 minutes]:
sync.runtime_notifyListWait(0xc004867330, 0x5e1)
	/usr/local/go/src/runtime/sema.go:597 +0x159
sync.(*Cond).Wait(0xc00536aef0?)
	/usr/local/go/src/sync/cond.go:71 +0x85
6.5840/raft.(*Raft).applyLog(0xc0048672c0)
	/home/hmc/learngo/mit-6.5840-private/src/raft/raft.go:937 +0x26e
created by 6.5840/raft.Make in goroutine 81439
	/home/hmc/learngo/mit-6.5840-private/src/raft/raft.go:1073 +0x376

goroutine 1552705 [runnable]:
6.5840/labrpc.(*Network).processReq(0xc0002080a0, {{0x656d80, 0xc001fcb8b0}, {0x6b2a07, 0x11}, {0x71b0f8, 0x64fd60}, {0xc00010a800, 0x3ea, 0x400}, ...})
	/home/hmc/learngo/mit-6.5840-private/src/labrpc/labrpc.go:251 +0x3e5
created by 6.5840/labrpc.MakeNetwork.func1 in goroutine 81440
	/home/hmc/learngo/mit-6.5840-private/src/labrpc/labrpc.go:157 +0x58

goroutine 767331 [sync.Mutex.Lock]:
internal/sync.runtime_SemacquireMutex(0x600cf8?, 0x0?, 0x1000000000002?)
	/usr/local/go/src/runtime/sema.go:95 +0x25
internal/sync.(*Mutex).lockSlow(0xc0076d78c0)
	/usr/local/go/src/internal/sync/mutex.go:149 +0x15d
internal/sync.(*Mutex).Lock(...)
	/usr/local/go/src/internal/sync/mutex.go:70
sync.(*Mutex).Lock(...)
	/usr/local/go/src/sync/mutex.go:46
6.5840/shardkv.(*ShardKV).tryGC(0xc0076d78c0)
	/home/hmc/learngo/mit-6.5840-private/src/shardkv/server.go:370 +0x7c
created by 6.5840/shardkv.StartServer in goroutine 81439
	/home/hmc/learngo/mit-6.5840-private/src/shardkv/server.go:805 +0x565

goroutine 767356 [sleep]:
time.Sleep(0x989680)
	/usr/local/go/src/runtime/time.go:338 +0x165
6.5840/shardkv.(*ShardKV).makeSnapshot(0xc00761c7e0)
	/home/hmc/learngo/mit-6.5840-private/src/shardkv/server.go:602 +0x25
created by 6.5840/shardkv.StartServer in goroutine 81439
	/home/hmc/learngo/mit-6.5840-private/src/shardkv/server.go:800 +0x4a5

goroutine 677653 [chan receive, 9 minutes]:
6.5840/labrpc.(*Network).processReq.func2()
	/home/hmc/learngo/mit-6.5840-private/src/labrpc/labrpc.go:258 +0x19
created by 6.5840/labrpc.(*Network).processReq in goroutine 677420
	/home/hmc/learngo/mit-6.5840-private/src/labrpc/labrpc.go:257 +0x48f

goroutine 270771 [chan receive, 9 minutes]:
6.5840/shardkv.(*ShardKV).PutAppend(0xc002352120, 0xc005bb1280, 0xc0024b5380)
	/home/hmc/learngo/mit-6.5840-private/src/shardkv/server.go:204 +0x2e5
reflect.Value.call({0xc000139310?, 0xc0002c9e28?, 0xc001499b18?}, {0x6aef4f, 0x4}, {0xc001499d20, 0x3, 0xc001499b48?})
	/usr/local/go/src/reflect/value.go:581 +0xca6
reflect.Value.Call({0xc000139310?, 0xc0002c9e28?, 0xc000443e68?}, {0xc001499d20?, 0x475657?, 0x43a947?})
	/usr/local/go/src/reflect/value.go:365 +0xb9
6.5840/labrpc.(*Service).dispatch(0xc002a7b940, {0x6b2547, 0x9}, {{0x656d80, 0xc00549de10}, {0x6b253f, 0x11}, {0x71b0f8, 0x64c8a0}, {0xc0021d05a0, ...}, ...})
	/home/hmc/learngo/mit-6.5840-private/src/labrpc/labrpc.go:506 +0x35f
6.5840/labrpc.(*Server).dispatch(0xc002507f50, {{0x656d80, 0xc00549de10}, {0x6b253f, 0x11}, {0x71b0f8, 0x64c8a0}, {0xc0021d05a0, 0x98, 0xa0}, ...})
	/home/hmc/learngo/mit-6.5840-private/src/labrpc/labrpc.go:430 +0x1e5
6.5840/labrpc.(*Network).processReq.func1()
	/home/hmc/learngo/mit-6.5840-private/src/labrpc/labrpc.go:240 +0x3f
created by 6.5840/labrpc.(*Network).processReq in goroutine 270770
	/home/hmc/learngo/mit-6.5840-private/src/labrpc/labrpc.go:239 +0x1d0

goroutine 270823 [sync.Cond.Wait, 9 minutes]:
sync.runtime_notifyListWait(0xc004a53d30, 0x40)
	/usr/local/go/src/runtime/sema.go:597 +0x159
sync.(*Cond).Wait(0xc002ea6d20?)
	/usr/local/go/src/sync/cond.go:71 +0x85
6.5840/raft.(*Raft).applyLog(0xc004a53cc0)
	/home/hmc/learngo/mit-6.5840-private/src/raft/raft.go:937 +0x26e
created by 6.5840/raft.Make in goroutine 81439
	/home/hmc/learngo/mit-6.5840-private/src/raft/raft.go:1073 +0x376

goroutine 767232 [chan receive, 9 minutes]:
6.5840/shardkv.(*ShardKV).PutAppend(0xc001468360, 0xc00b3f0440, 0xc00a4ab720)
	/home/hmc/learngo/mit-6.5840-private/src/shardkv/server.go:204 +0x2e5
reflect.Value.call({0xc000139310?, 0xc0055a8f58?, 0xc00a4f7b18?}, {0x6aef4f, 0x4}, {0xc00a4f7d20, 0x3, 0xc00a4f7b48?})
	/usr/local/go/src/reflect/value.go:581 +0xca6
reflect.Value.Call({0xc000139310?, 0xc0055a8f58?, 0xc003459870?}, {0xc00a4f7d20?, 0x475657?, 0x43a947?})
	/usr/local/go/src/reflect/value.go:365 +0xb9
6.5840/labrpc.(*Service).dispatch(0xc004f5a840, {0x6b2547, 0x9}, {{0x656d80, 0xc00a4aa8b0}, {0x6b253f, 0x11}, {0x71b0f8, 0x64c8a0}, {0xc004439360, ...}, ...})
	/home/hmc/learngo/mit-6.5840-private/src/labrpc/labrpc.go:506 +0x35f
6.5840/labrpc.(*Server).dispatch(0xc00137e930, {{0x656d80, 0xc00a4aa8b0}, {0x6b253f, 0x11}, {0x71b0f8, 0x64c8a0}, {0xc004439360, 0x98, 0xa0}, ...})
	/home/hmc/learngo/mit-6.5840-private/src/labrpc/labrpc.go:430 +0x1e5
6.5840/labrpc.(*Network).processReq.func1()
	/home/hmc/learngo/mit-6.5840-private/src/labrpc/labrpc.go:240 +0x3f
created by 6.5840/labrpc.(*Network).processReq in goroutine 767231
	/home/hmc/learngo/mit-6.5840-private/src/labrpc/labrpc.go:239 +0x1d0

goroutine 338497 [chan receive, 9 minutes]:
6.5840/labrpc.(*Network).processReq.func2()
	/home/hmc/learngo/mit-6.5840-private/src/labrpc/labrpc.go:258 +0x19
created by 6.5840/labrpc.(*Network).processReq in goroutine 338258
	/home/hmc/learngo/mit-6.5840-private/src/labrpc/labrpc.go:257 +0x48f

goroutine 767470 [chan receive, 9 minutes]:
6.5840/labrpc.(*Network).processReq.func2()
	/home/hmc/learngo/mit-6.5840-private/src/labrpc/labrpc.go:258 +0x19
created by 6.5840/labrpc.(*Network).processReq in goroutine 767231
	/home/hmc/learngo/mit-6.5840-private/src/labrpc/labrpc.go:257 +0x48f

goroutine 767371 [sleep]:
time.Sleep(0x5f5e100)
	/usr/local/go/src/runtime/time.go:338 +0x165
6.5840/shardkv.(*ShardKV).queryConfig(0xc00977c480)
	/home/hmc/learngo/mit-6.5840-private/src/shardkv/server.go:327 +0x2e
created by 6.5840/shardkv.StartServer in goroutine 81439
	/home/hmc/learngo/mit-6.5840-private/src/shardkv/server.go:803 +0x4e5

goroutine 677544 [sync.Cond.Wait, 9 minutes]:
sync.runtime_notifyListWait(0xc006cc3970, 0x6)
	/usr/local/go/src/runtime/sema.go:597 +0x159
sync.(*Cond).Wait(0xc0013686f0?)
	/usr/local/go/src/sync/cond.go:71 +0x85
6.5840/raft.(*Raft).applyLog(0xc006cc3900)
	/home/hmc/learngo/mit-6.5840-private/src/raft/raft.go:937 +0x26e
created by 6.5840/raft.Make in goroutine 81439
	/home/hmc/learngo/mit-6.5840-private/src/raft/raft.go:1073 +0x376

goroutine 1552602 [sync.Cond.Wait]:
sync.runtime_notifyListWait(0xc000811310, 0xb315)
	/usr/local/go/src/runtime/sema.go:597 +0x159
sync.(*Cond).Wait(0xc00066db80?)
	/usr/local/go/src/sync/cond.go:71 +0x85
6.5840/shardctrler.(*ShardCtrler).Query(0xc0005d6660, 0xc001058348, 0xc005a52180)
	/home/hmc/learngo/mit-6.5840-private/src/shardctrler/server.go:199 +0x1b4
reflect.Value.call({0xc0001385a0?, 0xc000c66650?, 0xc000e25b18?}, {0x6aef4f, 0x4}, {0xc000e25d20, 0x3, 0xc000e25b48?})
	/usr/local/go/src/reflect/value.go:581 +0xca6
reflect.Value.Call({0xc0001385a0?, 0xc000c66650?, 0xc0078d8638?}, {0xc000e25d20?, 0x475657?, 0x2?})
	/usr/local/go/src/reflect/value.go:365 +0xb9
6.5840/labrpc.(*Service).dispatch(0xc000811380, {0x6b29f1, 0x5}, {{0x656d80, 0xc00161b690}, {0x6b29e5, 0x11}, {0x71b0f8, 0x64fba0}, {0xc000017c00, ...}, ...})
	/home/hmc/learngo/mit-6.5840-private/src/labrpc/labrpc.go:506 +0x35f
6.5840/labrpc.(*Server).dispatch(0xc000665cf8, {{0x656d80, 0xc00161b690}, {0x6b29e5, 0x11}, {0x71b0f8, 0x64fba0}, {0xc000017c00, 0x77, 0x80}, ...})
	/home/hmc/learngo/mit-6.5840-private/src/labrpc/labrpc.go:430 +0x1e5
6.5840/labrpc.(*Network).processReq.func1()
	/home/hmc/learngo/mit-6.5840-private/src/labrpc/labrpc.go:240 +0x3f
created by 6.5840/labrpc.(*Network).processReq in goroutine 1552601
	/home/hmc/learngo/mit-6.5840-private/src/labrpc/labrpc.go:239 +0x1d0

goroutine 426308 [sync.Cond.Wait, 9 minutes]:
sync.runtime_notifyListWait(0xc0003e4570, 0x265)
	/usr/local/go/src/runtime/sema.go:597 +0x159
sync.(*Cond).Wait(0xc001368ef0?)
	/usr/local/go/src/sync/cond.go:71 +0x85
6.5840/raft.(*Raft).applyLog(0xc0003e4500)
	/home/hmc/learngo/mit-6.5840-private/src/raft/raft.go:937 +0x26e
created by 6.5840/raft.Make in goroutine 81439
	/home/hmc/learngo/mit-6.5840-private/src/raft/raft.go:1073 +0x376

goroutine 1552608 [select]:
6.5840/labrpc.(*Network).processReq(0xc0002080a0, {{0x656d80, 0xc00161b1b0}, {0x6b29e5, 0x11}, {0x71b0f8, 0x64fba0}, {0xc000016500, 0x77, 0x80}, ...})
	/home/hmc/learngo/mit-6.5840-private/src/labrpc/labrpc.go:251 +0x3e5
created by 6.5840/labrpc.MakeNetwork.func1 in goroutine 81440
	/home/hmc/learngo/mit-6.5840-private/src/labrpc/labrpc.go:157 +0x58

goroutine 767347 [sync.Cond.Wait, 9 minutes]:
sync.runtime_notifyListWait(0xc005043e70, 0x0)
	/usr/local/go/src/runtime/sema.go:597 +0x159
sync.(*Cond).Wait(0x656d80?)
	/usr/local/go/src/sync/cond.go:71 +0x85
6.5840/raft.(*Raft).applyLog(0xc005043e00)
	/home/hmc/learngo/mit-6.5840-private/src/raft/raft.go:937 +0x26e
created by 6.5840/raft.Make in goroutine 81439
	/home/hmc/learngo/mit-6.5840-private/src/raft/raft.go:1073 +0x376

goroutine 545738 [chan receive, 9 minutes]:
6.5840/labrpc.(*Network).processReq.func2()
	/home/hmc/learngo/mit-6.5840-private/src/labrpc/labrpc.go:258 +0x19
created by 6.5840/labrpc.(*Network).processReq in goroutine 545619
	/home/hmc/learngo/mit-6.5840-private/src/labrpc/labrpc.go:257 +0x48f

goroutine 767359 [sleep]:
time.Sleep(0x5f5e100)
	/usr/local/go/src/runtime/time.go:338 +0x165
6.5840/shardkv.(*ShardKV).tryGC(0xc00761c7e0)
	/home/hmc/learngo/mit-6.5840-private/src/shardkv/server.go:402 +0x31
created by 6.5840/shardkv.StartServer in goroutine 81439
	/home/hmc/learngo/mit-6.5840-private/src/shardkv/server.go:805 +0x565

goroutine 767342 [sleep]:
time.Sleep(0x989680)
	/usr/local/go/src/runtime/time.go:338 +0x165
6.5840/shardkv.(*ShardKV).makeSnapshot(0xc009e607e0)
	/home/hmc/learngo/mit-6.5840-private/src/shardkv/server.go:602 +0x25
created by 6.5840/shardkv.StartServer in goroutine 81439
	/home/hmc/learngo/mit-6.5840-private/src/shardkv/server.go:800 +0x4a5

goroutine 1552627 [sync.Cond.Wait]:
sync.runtime_notifyListWait(0xc000811310, 0xb314)
	/usr/local/go/src/runtime/sema.go:597 +0x159
sync.(*Cond).Wait(0xc00066db80?)
	/usr/local/go/src/sync/cond.go:71 +0x85
6.5840/shardctrler.(*ShardCtrler).Query(0xc0005d6660, 0xc0010580a8, 0xc005a52000)
	/home/hmc/learngo/mit-6.5840-private/src/shardctrler/server.go:199 +0x1b4
reflect.Value.call({0xc0001385a0?, 0xc000c66650?, 0xc001ca5b18?}, {0x6aef4f, 0x4}, {0xc001ca5d20, 0x3, 0xc001ca5b48?})
	/usr/local/go/src/reflect/value.go:581 +0xca6
reflect.Value.Call({0xc0001385a0?, 0xc000c66650?, 0xc0078d8000?}, {0xc001ca5d20?, 0x475657?, 0x8d94e8?})
	/usr/local/go/src/reflect/value.go:365 +0xb9
6.5840/labrpc.(*Service).dispatch(0xc000811380, {0x6b29f1, 0x5}, {{0x656d80, 0xc00161b5c0}, {0x6b29e5, 0x11}, {0x71b0f8, 0x64fba0}, {0xc0005e3f00, ...}, ...})
	/home/hmc/learngo/mit-6.5840-private/src/labrpc/labrpc.go:506 +0x35f
6.5840/labrpc.(*Server).dispatch(0xc000665cf8, {{0x656d80, 0xc00161b5c0}, {0x6b29e5, 0x11}, {0x71b0f8, 0x64fba0}, {0xc0005e3f00, 0x77, 0x80}, ...})
	/home/hmc/learngo/mit-6.5840-private/src/labrpc/labrpc.go:430 +0x1e5
6.5840/labrpc.(*Network).processReq.func1()
	/home/hmc/learngo/mit-6.5840-private/src/labrpc/labrpc.go:240 +0x3f
created by 6.5840/labrpc.(*Network).processReq in goroutine 1552626
	/home/hmc/learngo/mit-6.5840-private/src/labrpc/labrpc.go:239 +0x1d0

goroutine 426224 [chan receive, 9 minutes]:
6.5840/shardkv.(*ShardKV).PutAppend(0xc0029fefc0, 0xc00668adc0, 0xc0069eff30)
	/home/hmc/learngo/mit-6.5840-private/src/shardkv/server.go:204 +0x2e5
reflect.Value.call({0xc000139310?, 0xc00610ca48?, 0xc001465b18?}, {0x6aef4f, 0x4}, {0xc001465d20, 0x3, 0xc001465b48?})
	/usr/local/go/src/reflect/value.go:581 +0xca6
reflect.Value.Call({0xc000139310?, 0xc00610ca48?, 0xc000266e78?}, {0xc001465d20?, 0x475657?, 0x42f77b?})
	/usr/local/go/src/reflect/value.go:365 +0xb9
6.5840/labrpc.(*Service).dispatch(0xc002912f80, {0x6b2547, 0x9}, {{0x656d80, 0xc0069efa90}, {0x6b253f, 0x11}, {0x71b0f8, 0x64c8a0}, {0xc0003b7360, ...}, ...})
	/home/hmc/learngo/mit-6.5840-private/src/labrpc/labrpc.go:506 +0x35f
6.5840/labrpc.(*Server).dispatch(0xc001c03d10, {{0x656d80, 0xc0069efa90}, {0x6b253f, 0x11}, {0x71b0f8, 0x64c8a0}, {0xc0003b7360, 0x98, 0xa0}, ...})
	/home/hmc/learngo/mit-6.5840-private/src/labrpc/labrpc.go:430 +0x1e5
6.5840/labrpc.(*Network).processReq.func1()
	/home/hmc/learngo/mit-6.5840-private/src/labrpc/labrpc.go:240 +0x3f
created by 6.5840/labrpc.(*Network).processReq in goroutine 426223
	/home/hmc/learngo/mit-6.5840-private/src/labrpc/labrpc.go:239 +0x1d0

goroutine 767299 [select, 9 minutes]:
6.5840/raft.(*Raft).ticker(0xc005043900)
	/home/hmc/learngo/mit-6.5840-private/src/raft/raft.go:902 +0x6b
created by 6.5840/raft.Make in goroutine 81439
	/home/hmc/learngo/mit-6.5840-private/src/raft/raft.go:1071 +0x336

goroutine 706681 [chan receive, 9 minutes]:
6.5840/shardkv.(*ShardKV).PutAppend(0xc00977de60, 0xc00507a340, 0xc00aba40f0)
	/home/hmc/learngo/mit-6.5840-private/src/shardkv/server.go:204 +0x2e5
reflect.Value.call({0xc000139310?, 0xc009f81250?, 0xc001a81b18?}, {0x6aef4f, 0x4}, {0xc001a81d20, 0x3, 0xc001a81b48?})
	/usr/local/go/src/reflect/value.go:581 +0xca6
reflect.Value.Call({0xc000139310?, 0xc009f81250?, 0xc0027e4d50?}, {0xc001a81d20?, 0x475657?, 0x43a947?})
	/usr/local/go/src/reflect/value.go:365 +0xb9
6.5840/labrpc.(*Service).dispatch(0xc006a45a00, {0x6b2547, 0x9}, {{0x656d80, 0xc003cf1e70}, {0x6b253f, 0x11}, {0x71b0f8, 0x64c8a0}, {0xc003319400, ...}, ...})
	/home/hmc/learngo/mit-6.5840-private/src/labrpc/labrpc.go:506 +0x35f
6.5840/labrpc.(*Server).dispatch(0xc003926ca8, {{0x656d80, 0xc003cf1e70}, {0x6b253f, 0x11}, {0x71b0f8, 0x64c8a0}, {0xc003319400, 0x98, 0xa0}, ...})
	/home/hmc/learngo/mit-6.5840-private/src/labrpc/labrpc.go:430 +0x1e5
6.5840/labrpc.(*Network).processReq.func1()
	/home/hmc/learngo/mit-6.5840-private/src/labrpc/labrpc.go:240 +0x3f
created by 6.5840/labrpc.(*Network).processReq in goroutine 706680
	/home/hmc/learngo/mit-6.5840-private/src/labrpc/labrpc.go:239 +0x1d0

goroutine 706687 [chan receive, 9 minutes]:
6.5840/shardkv.(*ShardKV).applier(0xc007b7f440)
	/home/hmc/learngo/mit-6.5840-private/src/shardkv/server.go:408 +0x6a
created by 6.5840/shardkv.StartServer in goroutine 81439
	/home/hmc/learngo/mit-6.5840-private/src/shardkv/server.go:797 +0x456

goroutine 767341 [chan receive, 9 minutes]:
6.5840/shardkv.(*ShardKV).applier(0xc009e607e0)
	/home/hmc/learngo/mit-6.5840-private/src/shardkv/server.go:408 +0x6a
created by 6.5840/shardkv.StartServer in goroutine 81439
	/home/hmc/learngo/mit-6.5840-private/src/shardkv/server.go:797 +0x456

goroutine 767344 [sleep]:
time.Sleep(0x5f5e100)
	/usr/local/go/src/runtime/time.go:338 +0x165
6.5840/shardkv.(*ShardKV).tryReqShardData(0xc009e607e0)
	/home/hmc/learngo/mit-6.5840-private/src/shardkv/server.go:363 +0x31
created by 6.5840/shardkv.StartServer in goroutine 81439
	/home/hmc/learngo/mit-6.5840-private/src/shardkv/server.go:804 +0x525

goroutine 767366 [sync.Mutex.Lock]:
internal/sync.runtime_SemacquireMutex(0x600cf8?, 0x0?, 0x1000000000002?)
	/usr/local/go/src/runtime/sema.go:95 +0x25
internal/sync.(*Mutex).lockSlow(0xc00269c120)
	/usr/local/go/src/internal/sync/mutex.go:149 +0x15d
internal/sync.(*Mutex).Lock(...)
	/usr/local/go/src/internal/sync/mutex.go:70
sync.(*Mutex).Lock(...)
	/usr/local/go/src/sync/mutex.go:46
6.5840/shardkv.(*ShardKV).tryGC(0xc00269c120)
	/home/hmc/learngo/mit-6.5840-private/src/shardkv/server.go:370 +0x7c
created by 6.5840/shardkv.StartServer in goroutine 81439
	/home/hmc/learngo/mit-6.5840-private/src/shardkv/server.go:805 +0x565

goroutine 767348 [chan receive, 9 minutes]:
6.5840/shardkv.(*ShardKV).applier(0xc009e610e0)
	/home/hmc/learngo/mit-6.5840-private/src/shardkv/server.go:408 +0x6a
created by 6.5840/shardkv.StartServer in goroutine 81439
	/home/hmc/learngo/mit-6.5840-private/src/shardkv/server.go:797 +0x456

goroutine 706839 [chan receive, 9 minutes]:
6.5840/labrpc.(*Network).processReq.func2()
	/home/hmc/learngo/mit-6.5840-private/src/labrpc/labrpc.go:258 +0x19
created by 6.5840/labrpc.(*Network).processReq in goroutine 706680
	/home/hmc/learngo/mit-6.5840-private/src/labrpc/labrpc.go:257 +0x48f

goroutine 426316 [chan receive, 9 minutes]:
6.5840/shardkv.(*ShardKV).applier(0xc0036507e0)
	/home/hmc/learngo/mit-6.5840-private/src/shardkv/server.go:408 +0x6a
created by 6.5840/shardkv.StartServer in goroutine 81439
	/home/hmc/learngo/mit-6.5840-private/src/shardkv/server.go:797 +0x456

goroutine 706731 [chan receive, 9 minutes]:
6.5840/shardkv.(*ShardKV).applier(0xc004933560)
	/home/hmc/learngo/mit-6.5840-private/src/shardkv/server.go:408 +0x6a
created by 6.5840/shardkv.StartServer in goroutine 81439
	/home/hmc/learngo/mit-6.5840-private/src/shardkv/server.go:797 +0x456

goroutine 706724 [chan receive, 9 minutes]:
6.5840/shardkv.(*ShardKV).applier(0xc004932fc0)
	/home/hmc/learngo/mit-6.5840-private/src/shardkv/server.go:408 +0x6a
created by 6.5840/shardkv.StartServer in goroutine 81439
	/home/hmc/learngo/mit-6.5840-private/src/shardkv/server.go:797 +0x456

goroutine 545653 [sync.Cond.Wait, 9 minutes]:
sync.runtime_notifyListWait(0xc005f4e7f0, 0x7dd)
	/usr/local/go/src/runtime/sema.go:597 +0x159
sync.(*Cond).Wait(0xc001363ef0?)
	/usr/local/go/src/sync/cond.go:71 +0x85
6.5840/raft.(*Raft).applyLog(0xc005f4e780)
	/home/hmc/learngo/mit-6.5840-private/src/raft/raft.go:937 +0x26e
created by 6.5840/raft.Make in goroutine 81439
	/home/hmc/learngo/mit-6.5840-private/src/raft/raft.go:1073 +0x376

goroutine 426302 [sync.Mutex.Lock, 9 minutes]:
internal/sync.runtime_SemacquireMutex(0xc002850ef0?, 0x1?, 0xc002850ca0?)
	/usr/local/go/src/runtime/sema.go:95 +0x25
internal/sync.(*Mutex).lockSlow(0xc0014699e0)
	/usr/local/go/src/internal/sync/mutex.go:149 +0x15d
internal/sync.(*Mutex).Lock(...)
	/usr/local/go/src/internal/sync/mutex.go:70
sync.(*Mutex).Lock(...)
	/usr/local/go/src/sync/mutex.go:46
6.5840/shardkv.(*ShardKV).execCommand(0xc0014699e0, {0x694060, 0xc0049b9180}, 0x5c7c)
	/home/hmc/learngo/mit-6.5840-private/src/shardkv/server.go:421 +0x6c
6.5840/shardkv.(*ShardKV).applier(0xc0014699e0)
	/home/hmc/learngo/mit-6.5840-private/src/shardkv/server.go:412 +0x106
created by 6.5840/shardkv.StartServer in goroutine 81439
	/home/hmc/learngo/mit-6.5840-private/src/shardkv/server.go:797 +0x456

goroutine 767369 [chan receive, 9 minutes]:
6.5840/shardkv.(*ShardKV).applier(0xc00977c480)
	/home/hmc/learngo/mit-6.5840-private/src/shardkv/server.go:408 +0x6a
created by 6.5840/shardkv.StartServer in goroutine 81439
	/home/hmc/learngo/mit-6.5840-private/src/shardkv/server.go:797 +0x456

goroutine 545768 [chan receive, 9 minutes]:
6.5840/labrpc.(*Network).processReq.func2()
	/home/hmc/learngo/mit-6.5840-private/src/labrpc/labrpc.go:258 +0x19
created by 6.5840/labrpc.(*Network).processReq in goroutine 545576
	/home/hmc/learngo/mit-6.5840-private/src/labrpc/labrpc.go:257 +0x48f

goroutine 545593 [chan receive, 9 minutes]:
6.5840/shardkv.(*ShardKV).PutAppend(0xc0014699e0, 0xc001ab5e00, 0xc004530e60)
	/home/hmc/learngo/mit-6.5840-private/src/shardkv/server.go:204 +0x2e5
reflect.Value.call({0xc000139310?, 0xc002a004c8?, 0xc004ba7b18?}, {0x6aef4f, 0x4}, {0xc004ba7d20, 0x3, 0xc004ba7b48?})
	/usr/local/go/src/reflect/value.go:581 +0xca6
reflect.Value.Call({0xc000139310?, 0xc002a004c8?, 0xc006992b38?}, {0xc004ba7d20?, 0x475657?, 0x30?})
	/usr/local/go/src/reflect/value.go:365 +0xb9
6.5840/labrpc.(*Service).dispatch(0xc006c388c0, {0x6b2547, 0x9}, {{0x656d80, 0xc0045303c0}, {0x6b253f, 0x11}, {0x71b0f8, 0x64c8a0}, {0xc004ce8f00, ...}, ...})
	/home/hmc/learngo/mit-6.5840-private/src/labrpc/labrpc.go:506 +0x35f
6.5840/labrpc.(*Server).dispatch(0xc0024babe8, {{0x656d80, 0xc0045303c0}, {0x6b253f, 0x11}, {0x71b0f8, 0x64c8a0}, {0xc004ce8f00, 0x98, 0xa0}, ...})
	/home/hmc/learngo/mit-6.5840-private/src/labrpc/labrpc.go:430 +0x1e5
6.5840/labrpc.(*Network).processReq.func1()
	/home/hmc/learngo/mit-6.5840-private/src/labrpc/labrpc.go:240 +0x3f
created by 6.5840/labrpc.(*Network).processReq in goroutine 545592
	/home/hmc/learngo/mit-6.5840-private/src/labrpc/labrpc.go:239 +0x1d0

goroutine 677515 [chan receive, 9 minutes]:
6.5840/shardkv.(*ShardKV).applier(0xc00977d680)
	/home/hmc/learngo/mit-6.5840-private/src/shardkv/server.go:408 +0x6a
created by 6.5840/shardkv.StartServer in goroutine 81439
	/home/hmc/learngo/mit-6.5840-private/src/shardkv/server.go:797 +0x456

goroutine 426323 [chan receive, 9 minutes]:
6.5840/shardkv.(*ShardKV).applier(0xc003650fc0)
	/home/hmc/learngo/mit-6.5840-private/src/shardkv/server.go:408 +0x6a
created by 6.5840/shardkv.StartServer in goroutine 81439
	/home/hmc/learngo/mit-6.5840-private/src/shardkv/server.go:797 +0x456

goroutine 767362 [chan receive, 9 minutes]:
6.5840/shardkv.(*ShardKV).applier(0xc00269c120)
	/home/hmc/learngo/mit-6.5840-private/src/shardkv/server.go:408 +0x6a
created by 6.5840/shardkv.StartServer in goroutine 81439
	/home/hmc/learngo/mit-6.5840-private/src/shardkv/server.go:797 +0x456

goroutine 767334 [chan receive, 9 minutes]:
6.5840/shardkv.(*ShardKV).applier(0xc009e60000)
	/home/hmc/learngo/mit-6.5840-private/src/shardkv/server.go:408 +0x6a
created by 6.5840/shardkv.StartServer in goroutine 81439
	/home/hmc/learngo/mit-6.5840-private/src/shardkv/server.go:797 +0x456

goroutine 1552672 [select]:
6.5840/labrpc.(*Network).processReq(0xc0002080a0, {{0x656d80, 0xc001fcb870}, {0x6b2a07, 0x11}, {0x71b0f8, 0x64fd60}, {0xc001a14c00, 0x3ea, 0x400}, ...})
	/home/hmc/learngo/mit-6.5840-private/src/labrpc/labrpc.go:251 +0x3e5
created by 6.5840/labrpc.MakeNetwork.func1 in goroutine 81440
	/home/hmc/learngo/mit-6.5840-private/src/labrpc/labrpc.go:157 +0x58

goroutine 1552626 [select]:
6.5840/labrpc.(*Network).processReq(0xc0002080a0, {{0x656d80, 0xc00161b5c0}, {0x6b29e5, 0x11}, {0x71b0f8, 0x64fba0}, {0xc0005e3f00, 0x77, 0x80}, ...})
	/home/hmc/learngo/mit-6.5840-private/src/labrpc/labrpc.go:251 +0x3e5
created by 6.5840/labrpc.MakeNetwork.func1 in goroutine 81440
	/home/hmc/learngo/mit-6.5840-private/src/labrpc/labrpc.go:157 +0x58

goroutine 1552615 [chan receive]:
6.5840/labrpc.(*ClientEnd).Call(0xc0088ae800, {0x6b29e5?, 0x71b0f8?}, {0x64fba0, 0xc001058858}, {0x64fce0, 0xc005a52400})
	/home/hmc/learngo/mit-6.5840-private/src/labrpc/labrpc.go:112 +0x226
6.5840/shardctrler.(*Clerk).makeCall.func1()
	/home/hmc/learngo/mit-6.5840-private/src/shardctrler/client.go:167 +0x4c
created by 6.5840/shardctrler.(*Clerk).makeCall in goroutine 767351
	/home/hmc/learngo/mit-6.5840-private/src/shardctrler/client.go:166 +0x128

goroutine 545631 [chan receive, 9 minutes]:
6.5840/shardkv.(*ShardKV).applier(0xc000d24b40)
	/home/hmc/learngo/mit-6.5840-private/src/shardkv/server.go:408 +0x6a
created by 6.5840/shardkv.StartServer in goroutine 81439
	/home/hmc/learngo/mit-6.5840-private/src/shardkv/server.go:797 +0x456

goroutine 1552757 [runnable]:
6.5840/labrpc.MakeNetwork.func1.gowrap1()
	/home/hmc/learngo/mit-6.5840-private/src/labrpc/labrpc.go:157
runtime.goexit({})
	/usr/local/go/src/runtime/asm_amd64.s:1700 +0x1
created by 6.5840/labrpc.MakeNetwork.func1 in goroutine 81440
	/home/hmc/learngo/mit-6.5840-private/src/labrpc/labrpc.go:157 +0x58

goroutine 545689 [chan receive, 9 minutes]:
6.5840/shardkv.(*ShardKV).applier(0xc0012fbd40)
	/home/hmc/learngo/mit-6.5840-private/src/shardkv/server.go:408 +0x6a
created by 6.5840/shardkv.StartServer in goroutine 81439
	/home/hmc/learngo/mit-6.5840-private/src/shardkv/server.go:797 +0x456

goroutine 1552708 [select]:
6.5840/labrpc.(*Network).processReq(0xc0002080a0, {{0x656d80, 0xc001fcb870}, {0x6b2a07, 0x11}, {0x71b0f8, 0x64fd60}, {0xc001a15000, 0x3ea, 0x400}, ...})
	/home/hmc/learngo/mit-6.5840-private/src/labrpc/labrpc.go:251 +0x3e5
created by 6.5840/labrpc.MakeNetwork.func1 in goroutine 81440
	/home/hmc/learngo/mit-6.5840-private/src/labrpc/labrpc.go:157 +0x58

goroutine 767274 [chan receive, 9 minutes]:
6.5840/shardkv.(*ShardKV).PutAppend(0xc004932240, 0xc00a4f9880, 0xc00b9243c0)
	/home/hmc/learngo/mit-6.5840-private/src/shardkv/server.go:204 +0x2e5
reflect.Value.call({0xc000139310?, 0xc0027e5790?, 0xc006587b18?}, {0x6aef4f, 0x4}, {0xc006587d20, 0x3, 0xc006587b48?})
	/usr/local/go/src/reflect/value.go:581 +0xca6
reflect.Value.Call({0xc000139310?, 0xc0027e5790?, 0xc00797e598?}, {0xc006587d20?, 0x475657?, 0x43a947?})
	/usr/local/go/src/reflect/value.go:365 +0xb9
6.5840/labrpc.(*Service).dispatch(0xc008155a40, {0x6b2547, 0x9}, {{0x656d80, 0xc006e3df70}, {0x6b253f, 0x11}, {0x71b0f8, 0x64c8a0}, {0xc00525f0e0, ...}, ...})
	/home/hmc/learngo/mit-6.5840-private/src/labrpc/labrpc.go:506 +0x35f
6.5840/labrpc.(*Server).dispatch(0xc002424c60, {{0x656d80, 0xc006e3df70}, {0x6b253f, 0x11}, {0x71b0f8, 0x64c8a0}, {0xc00525f0e0, 0x98, 0xa0}, ...})
	/home/hmc/learngo/mit-6.5840-private/src/labrpc/labrpc.go:430 +0x1e5
6.5840/labrpc.(*Network).processReq.func1()
	/home/hmc/learngo/mit-6.5840-private/src/labrpc/labrpc.go:240 +0x3f
created by 6.5840/labrpc.(*Network).processReq in goroutine 767273
	/home/hmc/learngo/mit-6.5840-private/src/labrpc/labrpc.go:239 +0x1d0

goroutine 545695 [sync.Cond.Wait, 9 minutes]:
sync.runtime_notifyListWait(0xc005f4ef70, 0x458)
	/usr/local/go/src/runtime/sema.go:597 +0x159
sync.(*Cond).Wait(0xc00734cef0?)
	/usr/local/go/src/sync/cond.go:71 +0x85
6.5840/raft.(*Raft).applyLog(0xc005f4ef00)
	/home/hmc/learngo/mit-6.5840-private/src/raft/raft.go:937 +0x26e
created by 6.5840/raft.Make in goroutine 81439
	/home/hmc/learngo/mit-6.5840-private/src/raft/raft.go:1073 +0x376

goroutine 545696 [chan receive, 9 minutes]:
6.5840/shardkv.(*ShardKV).applier(0xc0038e2360)
	/home/hmc/learngo/mit-6.5840-private/src/shardkv/server.go:408 +0x6a
created by 6.5840/shardkv.StartServer in goroutine 81439
	/home/hmc/learngo/mit-6.5840-private/src/shardkv/server.go:797 +0x456

goroutine 767368 [sync.Cond.Wait, 9 minutes]:
sync.runtime_notifyListWait(0xc006cc22f0, 0x4)
	/usr/local/go/src/runtime/sema.go:597 +0x159
sync.(*Cond).Wait(0xc0001de0f0?)
	/usr/local/go/src/sync/cond.go:71 +0x85
6.5840/raft.(*Raft).applyLog(0xc006cc2280)
	/home/hmc/learngo/mit-6.5840-private/src/raft/raft.go:937 +0x26e
created by 6.5840/raft.Make in goroutine 81439
	/home/hmc/learngo/mit-6.5840-private/src/raft/raft.go:1073 +0x376

goroutine 767310 [sync.Cond.Wait, 9 minutes]:
sync.runtime_notifyListWait(0xc005043ab0, 0xf43)
	/usr/local/go/src/runtime/sema.go:597 +0x159
sync.(*Cond).Wait(0xc00abb9ef0?)
	/usr/local/go/src/sync/cond.go:71 +0x85
6.5840/raft.(*Raft).applyLog(0xc005043a40)
	/home/hmc/learngo/mit-6.5840-private/src/raft/raft.go:937 +0x26e
created by 6.5840/raft.Make in goroutine 81439
	/home/hmc/learngo/mit-6.5840-private/src/raft/raft.go:1073 +0x376

goroutine 677605 [chan receive, 9 minutes]:
6.5840/labrpc.(*Network).processReq.func2()
	/home/hmc/learngo/mit-6.5840-private/src/labrpc/labrpc.go:258 +0x19
created by 6.5840/labrpc.(*Network).processReq in goroutine 677314
	/home/hmc/learngo/mit-6.5840-private/src/labrpc/labrpc.go:257 +0x48f

goroutine 767353 [select, 9 minutes]:
6.5840/raft.(*Raft).ticker(0xc006cc2000)
	/home/hmc/learngo/mit-6.5840-private/src/raft/raft.go:902 +0x6b
created by 6.5840/raft.Make in goroutine 81439
	/home/hmc/learngo/mit-6.5840-private/src/raft/raft.go:1071 +0x336

goroutine 1552612 [sync.Cond.Wait]:
sync.runtime_notifyListWait(0xc000811310, 0xb310)
	/usr/local/go/src/runtime/sema.go:597 +0x159
sync.(*Cond).Wait(0xc00066db80?)
	/usr/local/go/src/sync/cond.go:71 +0x85
6.5840/shardctrler.(*ShardCtrler).Query(0xc0005d6660, 0xc001058780, 0xc005a52380)
	/home/hmc/learngo/mit-6.5840-private/src/shardctrler/server.go:199 +0x1b4
reflect.Value.call({0xc0001385a0?, 0xc000c66650?, 0xc004babb18?}, {0x6aef4f, 0x4}, {0xc004babd20, 0x3, 0xc004babb48?})
	/usr/local/go/src/reflect/value.go:581 +0xca6
reflect.Value.Call({0xc0001385a0?, 0xc000c66650?, 0xc003de38c8?}, {0xc004babd20?, 0x475657?, 0x0?})
	/usr/local/go/src/reflect/value.go:365 +0xb9
6.5840/labrpc.(*Service).dispatch(0xc000811380, {0x6b29f1, 0x5}, {{0x656d80, 0xc00a565cf0}, {0x6b29e5, 0x11}, {0x71b0f8, 0x64fba0}, {0xc000680300, ...}, ...})
	/home/hmc/learngo/mit-6.5840-private/src/labrpc/labrpc.go:506 +0x35f
6.5840/labrpc.(*Server).dispatch(0xc000665cf8, {{0x656d80, 0xc00a565cf0}, {0x6b29e5, 0x11}, {0x71b0f8, 0x64fba0}, {0xc000680300, 0x77, 0x80}, ...})
	/home/hmc/learngo/mit-6.5840-private/src/labrpc/labrpc.go:430 +0x1e5
6.5840/labrpc.(*Network).processReq.func1()
	/home/hmc/learngo/mit-6.5840-private/src/labrpc/labrpc.go:240 +0x3f
created by 6.5840/labrpc.(*Network).processReq in goroutine 1552611
	/home/hmc/learngo/mit-6.5840-private/src/labrpc/labrpc.go:239 +0x1d0

goroutine 767345 [sleep]:
time.Sleep(0x5f5e100)
	/usr/local/go/src/runtime/time.go:338 +0x165
6.5840/shardkv.(*ShardKV).tryGC(0xc009e607e0)
	/home/hmc/learngo/mit-6.5840-private/src/shardkv/server.go:402 +0x31
created by 6.5840/shardkv.StartServer in goroutine 81439
	/home/hmc/learngo/mit-6.5840-private/src/shardkv/server.go:805 +0x565

goroutine 767370 [sleep]:
time.Sleep(0x989680)
	/usr/local/go/src/runtime/time.go:338 +0x165
6.5840/shardkv.(*ShardKV).makeSnapshot(0xc00977c480)
	/home/hmc/learngo/mit-6.5840-private/src/shardkv/server.go:602 +0x25
created by 6.5840/shardkv.StartServer in goroutine 81439
	/home/hmc/learngo/mit-6.5840-private/src/shardkv/server.go:800 +0x4a5

goroutine 767374 [select, 9 minutes]:
6.5840/raft.(*Raft).ticker(0xc006cc23c0)
	/home/hmc/learngo/mit-6.5840-private/src/raft/raft.go:902 +0x6b
created by 6.5840/raft.Make in goroutine 81439
	/home/hmc/learngo/mit-6.5840-private/src/raft/raft.go:1071 +0x336

goroutine 677626 [chan receive, 9 minutes]:
6.5840/labrpc.(*Network).processReq.func2()
	/home/hmc/learngo/mit-6.5840-private/src/labrpc/labrpc.go:258 +0x19
created by 6.5840/labrpc.(*Network).processReq in goroutine 677444
	/home/hmc/learngo/mit-6.5840-private/src/labrpc/labrpc.go:257 +0x48f

goroutine 767365 [select]:
6.5840/shardctrler.(*Clerk).makeCall(0xc00ad135f0, 0x2, {0x6b29e5, 0x11}, {0x64fba0, 0xc001fb0738}, {0x64fce0, 0xc002c3c200})
	/home/hmc/learngo/mit-6.5840-private/src/shardctrler/client.go:169 +0x178
6.5840/shardctrler.(*Clerk).Query(0xc00ad135f0, 0x1f)
	/home/hmc/learngo/mit-6.5840-private/src/shardctrler/client.go:54 +0xfd
6.5840/shardkv.(*ShardKV).tryReqShardData(0xc00269c120)
	/home/hmc/learngo/mit-6.5840-private/src/shardkv/server.go:355 +0x1bb
created by 6.5840/shardkv.StartServer in goroutine 81439
	/home/hmc/learngo/mit-6.5840-private/src/shardkv/server.go:804 +0x525

goroutine 767363 [sleep]:
time.Sleep(0x989680)
	/usr/local/go/src/runtime/time.go:338 +0x165
6.5840/shardkv.(*ShardKV).makeSnapshot(0xc00269c120)
	/home/hmc/learngo/mit-6.5840-private/src/shardkv/server.go:602 +0x25
created by 6.5840/shardkv.StartServer in goroutine 81439
	/home/hmc/learngo/mit-6.5840-private/src/shardkv/server.go:800 +0x4a5

goroutine 767358 [sleep]:
time.Sleep(0x5f5e100)
	/usr/local/go/src/runtime/time.go:338 +0x165
6.5840/shardkv.(*ShardKV).tryReqShardData(0xc00761c7e0)
	/home/hmc/learngo/mit-6.5840-private/src/shardkv/server.go:363 +0x31
created by 6.5840/shardkv.StartServer in goroutine 81439
	/home/hmc/learngo/mit-6.5840-private/src/shardkv/server.go:804 +0x525

goroutine 767306 [sleep]:
time.Sleep(0x5f5e100)
	/usr/local/go/src/runtime/time.go:338 +0x165
6.5840/shardkv.(*ShardKV).queryConfig(0xc0076d6b40)
	/home/hmc/learngo/mit-6.5840-private/src/shardkv/server.go:327 +0x2e
created by 6.5840/shardkv.StartServer in goroutine 81439
	/home/hmc/learngo/mit-6.5840-private/src/shardkv/server.go:803 +0x4e5

goroutine 677538 [chan receive, 9 minutes]:
6.5840/shardkv.(*ShardKV).applier(0xc00977de60)
	/home/hmc/learngo/mit-6.5840-private/src/shardkv/server.go:408 +0x6a
created by 6.5840/shardkv.StartServer in goroutine 81439
	/home/hmc/learngo/mit-6.5840-private/src/shardkv/server.go:797 +0x456

goroutine 677492 [chan receive, 9 minutes]:
6.5840/shardkv.(*ShardKV).PutAppend(0xc001176c60, 0xc008746680, 0xc007daadf0)
	/home/hmc/learngo/mit-6.5840-private/src/shardkv/server.go:204 +0x2e5
reflect.Value.call({0xc000139310?, 0xc006faeac8?, 0xc0028bdb18?}, {0x6aef4f, 0x4}, {0xc0028bdd20, 0x3, 0xc0028bdb48?})
	/usr/local/go/src/reflect/value.go:581 +0xca6
reflect.Value.Call({0xc000139310?, 0xc006faeac8?, 0xc009dfd080?}, {0xc0028bdd20?, 0x475657?, 0x43a947?})
	/usr/local/go/src/reflect/value.go:365 +0xb9
6.5840/labrpc.(*Service).dispatch(0xc007fbab40, {0x6b2547, 0x9}, {{0x656d80, 0xc007daa990}, {0x6b253f, 0x11}, {0x71b0f8, 0x64c8a0}, {0xc009abc460, ...}, ...})
	/home/hmc/learngo/mit-6.5840-private/src/labrpc/labrpc.go:506 +0x35f
6.5840/labrpc.(*Server).dispatch(0xc004e577e8, {{0x656d80, 0xc007daa990}, {0x6b253f, 0x11}, {0x71b0f8, 0x64c8a0}, {0xc009abc460, 0x98, 0xa0}, ...})
	/home/hmc/learngo/mit-6.5840-private/src/labrpc/labrpc.go:430 +0x1e5
6.5840/labrpc.(*Network).processReq.func1()
	/home/hmc/learngo/mit-6.5840-private/src/labrpc/labrpc.go:240 +0x3f
created by 6.5840/labrpc.(*Network).processReq in goroutine 677491
	/home/hmc/learngo/mit-6.5840-private/src/labrpc/labrpc.go:239 +0x1d0

goroutine 706723 [sync.Cond.Wait, 9 minutes]:
sync.runtime_notifyListWait(0xc006cc2a70, 0x10)
	/usr/local/go/src/runtime/sema.go:597 +0x159
sync.(*Cond).Wait(0xc00062bef0?)
	/usr/local/go/src/sync/cond.go:71 +0x85
6.5840/raft.(*Raft).applyLog(0xc006cc2a00)
	/home/hmc/learngo/mit-6.5840-private/src/raft/raft.go:937 +0x26e
created by 6.5840/raft.Make in goroutine 81439
	/home/hmc/learngo/mit-6.5840-private/src/raft/raft.go:1073 +0x376

goroutine 767360 [select]:
6.5840/raft.(*Raft).ticker(0xc006cc2140)
	/home/hmc/learngo/mit-6.5840-private/src/raft/raft.go:902 +0x6b
created by 6.5840/raft.Make in goroutine 81439
	/home/hmc/learngo/mit-6.5840-private/src/raft/raft.go:1071 +0x336

goroutine 767332 [select, 9 minutes]:
6.5840/raft.(*Raft).ticker(0xc005043b80)
	/home/hmc/learngo/mit-6.5840-private/src/raft/raft.go:902 +0x6b
created by 6.5840/raft.Make in goroutine 81439
	/home/hmc/learngo/mit-6.5840-private/src/raft/raft.go:1071 +0x336

goroutine 677566 [chan receive, 9 minutes]:
6.5840/shardkv.(*ShardKV).applier(0xc00a1159e0)
	/home/hmc/learngo/mit-6.5840-private/src/shardkv/server.go:408 +0x6a
created by 6.5840/shardkv.StartServer in goroutine 81439
	/home/hmc/learngo/mit-6.5840-private/src/shardkv/server.go:797 +0x456

goroutine 1552743 [select]:
6.5840/labrpc.(*Network).processReq(0xc0002080a0, {{0x656d80, 0xc001fcb8b0}, {0x6b2a07, 0x11}, {0x71b0f8, 0x64fd60}, {0xc0002b5800, 0x396, 0x400}, ...})
	/home/hmc/learngo/mit-6.5840-private/src/labrpc/labrpc.go:251 +0x3e5
created by 6.5840/labrpc.MakeNetwork.func1 in goroutine 81440
	/home/hmc/learngo/mit-6.5840-private/src/labrpc/labrpc.go:157 +0x58

goroutine 767312 [sleep]:
time.Sleep(0x989680)
	/usr/local/go/src/runtime/time.go:338 +0x165
6.5840/shardkv.(*ShardKV).makeSnapshot(0xc0076d78c0)
	/home/hmc/learngo/mit-6.5840-private/src/shardkv/server.go:602 +0x25
created by 6.5840/shardkv.StartServer in goroutine 81439
	/home/hmc/learngo/mit-6.5840-private/src/shardkv/server.go:800 +0x4a5

goroutine 1552523 [sync.Cond.Wait]:
sync.runtime_notifyListWait(0xc000811310, 0xb311)
	/usr/local/go/src/runtime/sema.go:597 +0x159
sync.(*Cond).Wait(0xc00066db80?)
	/usr/local/go/src/sync/cond.go:71 +0x85
6.5840/shardctrler.(*ShardCtrler).Query(0xc0005d6660, 0xc001fb0810, 0xc002c3c280)
	/home/hmc/learngo/mit-6.5840-private/src/shardctrler/server.go:199 +0x1b4
reflect.Value.call({0xc0001385a0?, 0xc000c66650?, 0xc003f21b18?}, {0x6aef4f, 0x4}, {0xc003f21d20, 0x3, 0xc003f21b48?})
	/usr/local/go/src/reflect/value.go:581 +0xca6
reflect.Value.Call({0xc0001385a0?, 0xc000c66650?, 0xc004a9a888?}, {0xc003f21d20?, 0x475657?, 0x8d94e8?})
	/usr/local/go/src/reflect/value.go:365 +0xb9
6.5840/labrpc.(*Service).dispatch(0xc000811380, {0x6b29f1, 0x5}, {{0x656d80, 0xc009c40150}, {0x6b29e5, 0x11}, {0x71b0f8, 0x64fba0}, {0xc000680380, ...}, ...})
	/home/hmc/learngo/mit-6.5840-private/src/labrpc/labrpc.go:506 +0x35f
6.5840/labrpc.(*Server).dispatch(0xc000665cf8, {{0x656d80, 0xc009c40150}, {0x6b29e5, 0x11}, {0x71b0f8, 0x64fba0}, {0xc000680380, 0x77, 0x80}, ...})
	/home/hmc/learngo/mit-6.5840-private/src/labrpc/labrpc.go:430 +0x1e5
6.5840/labrpc.(*Network).processReq.func1()
	/home/hmc/learngo/mit-6.5840-private/src/labrpc/labrpc.go:240 +0x3f
created by 6.5840/labrpc.(*Network).processReq in goroutine 1552522
	/home/hmc/learngo/mit-6.5840-private/src/labrpc/labrpc.go:239 +0x1d0

goroutine 1552599 [chan receive]:
6.5840/labrpc.(*ClientEnd).Call(0xc001626c40, {0x6b29e5?, 0x71b0f8?}, {0x64fba0, 0xc0015352f0}, {0x64fce0, 0xc002034200})
	/home/hmc/learngo/mit-6.5840-private/src/labrpc/labrpc.go:112 +0x226
6.5840/shardctrler.(*Clerk).makeCall.func1()
	/home/hmc/learngo/mit-6.5840-private/src/shardctrler/client.go:167 +0x4c
created by 6.5840/shardctrler.(*Clerk).makeCall in goroutine 82215
	/home/hmc/learngo/mit-6.5840-private/src/shardctrler/client.go:166 +0x128

goroutine 677508 [chan receive, 9 minutes]:
6.5840/shardkv.(*ShardKV).applier(0xc00977cfc0)
	/home/hmc/learngo/mit-6.5840-private/src/shardkv/server.go:408 +0x6a
created by 6.5840/shardkv.StartServer in goroutine 81439
	/home/hmc/learngo/mit-6.5840-private/src/shardkv/server.go:797 +0x456

goroutine 677551 [sync.Cond.Wait, 9 minutes]:
sync.runtime_notifyListWait(0xc006cc3bf0, 0x6)
	/usr/local/go/src/runtime/sema.go:597 +0x159
sync.(*Cond).Wait(0xc000191ef0?)
	/usr/local/go/src/sync/cond.go:71 +0x85
6.5840/raft.(*Raft).applyLog(0xc006cc3b80)
	/home/hmc/learngo/mit-6.5840-private/src/raft/raft.go:937 +0x26e
created by 6.5840/raft.Make in goroutine 81439
	/home/hmc/learngo/mit-6.5840-private/src/raft/raft.go:1073 +0x376

goroutine 767354 [sync.Cond.Wait, 9 minutes]:
sync.runtime_notifyListWait(0xc006cc2070, 0x0)
	/usr/local/go/src/runtime/sema.go:597 +0x159
sync.(*Cond).Wait(0x656d80?)
	/usr/local/go/src/sync/cond.go:71 +0x85
6.5840/raft.(*Raft).applyLog(0xc006cc2000)
	/home/hmc/learngo/mit-6.5840-private/src/raft/raft.go:937 +0x26e
created by 6.5840/raft.Make in goroutine 81439
	/home/hmc/learngo/mit-6.5840-private/src/raft/raft.go:1073 +0x376

goroutine 767361 [sync.Cond.Wait, 9 minutes]:
sync.runtime_notifyListWait(0xc006cc21b0, 0x3)
	/usr/local/go/src/runtime/sema.go:597 +0x159
sync.(*Cond).Wait(0xc000139a40?)
	/usr/local/go/src/sync/cond.go:71 +0x85
6.5840/raft.(*Raft).applyLog(0xc006cc2140)
	/home/hmc/learngo/mit-6.5840-private/src/raft/raft.go:937 +0x26e
created by 6.5840/raft.Make in goroutine 81439
	/home/hmc/learngo/mit-6.5840-private/src/raft/raft.go:1073 +0x376

goroutine 706717 [chan receive, 9 minutes]:
6.5840/shardkv.(*ShardKV).applier(0xc004932900)
	/home/hmc/learngo/mit-6.5840-private/src/shardkv/server.go:408 +0x6a
created by 6.5840/shardkv.StartServer in goroutine 81439
	/home/hmc/learngo/mit-6.5840-private/src/shardkv/server.go:797 +0x456

goroutine 767304 [chan receive, 9 minutes]:
6.5840/shardkv.(*ShardKV).applier(0xc0076d6b40)
	/home/hmc/learngo/mit-6.5840-private/src/shardkv/server.go:408 +0x6a
created by 6.5840/shardkv.StartServer in goroutine 81439
	/home/hmc/learngo/mit-6.5840-private/src/shardkv/server.go:797 +0x456

goroutine 767375 [sync.Cond.Wait, 9 minutes]:
sync.runtime_notifyListWait(0xc006cc2430, 0x4)
	/usr/local/go/src/runtime/sema.go:597 +0x159
sync.(*Cond).Wait(0xc0001de000?)
	/usr/local/go/src/sync/cond.go:71 +0x85
6.5840/raft.(*Raft).applyLog(0xc006cc23c0)
	/home/hmc/learngo/mit-6.5840-private/src/raft/raft.go:937 +0x26e
created by 6.5840/raft.Make in goroutine 81439
	/home/hmc/learngo/mit-6.5840-private/src/raft/raft.go:1073 +0x376

goroutine 1552625 [chan receive]:
6.5840/labrpc.(*ClientEnd).Call(0xc0016269e0, {0x6b29e5?, 0xc00a30abd0?}, {0x64fba0, 0xc001058978}, {0x64fce0, 0xc005a52900})
	/home/hmc/learngo/mit-6.5840-private/src/labrpc/labrpc.go:112 +0x226
6.5840/shardctrler.(*Clerk).makeCall.func1()
	/home/hmc/learngo/mit-6.5840-private/src/shardctrler/client.go:167 +0x4c
created by 6.5840/shardctrler.(*Clerk).makeCall in goroutine 82212
	/home/hmc/learngo/mit-6.5840-private/src/shardctrler/client.go:166 +0x128

goroutine 1552616 [select]:
6.5840/labrpc.(*Network).processReq(0xc0002080a0, {{0x656d80, 0xc00b3297e0}, {0x6b29e5, 0x11}, {0x71b0f8, 0x64fba0}, {0xc0005e3800, 0x77, 0x80}, ...})
	/home/hmc/learngo/mit-6.5840-private/src/labrpc/labrpc.go:251 +0x3e5
created by 6.5840/labrpc.MakeNetwork.func1 in goroutine 81440
	/home/hmc/learngo/mit-6.5840-private/src/labrpc/labrpc.go:157 +0x58

goroutine 1552769 [runnable]:
6.5840/raft.(*Raft).sendHeartBeat.gowrap2()
	/home/hmc/learngo/mit-6.5840-private/src/raft/raft.go:824
runtime.goexit({})
	/usr/local/go/src/runtime/asm_amd64.s:1700 +0x1
created by 6.5840/raft.(*Raft).sendHeartBeat in goroutine 81463
	/home/hmc/learngo/mit-6.5840-private/src/raft/raft.go:824 +0x4e5

goroutine 1552521 [chan receive]:
6.5840/labrpc.(*ClientEnd).Call(0xc007732f80, {0x6b29e5?, 0x71b0f8?}, {0x64fba0, 0xc001fb0738}, {0x64fce0, 0xc002c3c200})
	/home/hmc/learngo/mit-6.5840-private/src/labrpc/labrpc.go:112 +0x226
6.5840/shardctrler.(*Clerk).makeCall.func1()
	/home/hmc/learngo/mit-6.5840-private/src/shardctrler/client.go:167 +0x4c
created by 6.5840/shardctrler.(*Clerk).makeCall in goroutine 767365
	/home/hmc/learngo/mit-6.5840-private/src/shardctrler/client.go:166 +0x128

goroutine 1552600 [chan receive]:
6.5840/labrpc.(*ClientEnd).Call(0xc001626aa0, {0x6b29e5?, 0x71b0f8?}, {0x64fba0, 0xc001535410}, {0x64fce0, 0xc002034300})
	/home/hmc/learngo/mit-6.5840-private/src/labrpc/labrpc.go:112 +0x226
6.5840/shardctrler.(*Clerk).makeCall.func1()
	/home/hmc/learngo/mit-6.5840-private/src/shardctrler/client.go:167 +0x4c
created by 6.5840/shardctrler.(*Clerk).makeCall in goroutine 82213
	/home/hmc/learngo/mit-6.5840-private/src/shardctrler/client.go:166 +0x128

goroutine 1552711 [runnable]:
encoding/gob.(*Encoder).sendTypeDescriptor(0xc0002986e0, {0x716440, 0xc0012e4150}, 0xc004f34500, 0xc000013700)
	/usr/local/go/src/encoding/gob/encoder.go:182 +0x16f
encoding/gob.(*Encoder).encodeInterface(0xc0002986e0, 0xc000298718, {0x663cc0?, 0xc00dfcac68?, 0x5ea654?})
	/usr/local/go/src/encoding/gob/encode.go:411 +0x653
encoding/gob.encOpFor.func5(0x682200?, 0xc004f34440, {0x663cc0?, 0xc00dfcac68?, 0x71b0f8?})
	/usr/local/go/src/encoding/gob/encode.go:554 +0xcf
encoding/gob.(*Encoder).encodeStruct(0xc0002986e0, 0xc000298718, 0xc00000fe60, {0x682200?, 0xc00dfcac68?, 0x71b3a0?})
	/usr/local/go/src/encoding/gob/encode.go:328 +0x2be
encoding/gob.encOpFor.func4(0x655000?, 0xc004f340c0, {0x682200?, 0xc00dfcac68?, 0x0?})
	/usr/local/go/src/encoding/gob/encode.go:546 +0x6e
encoding/gob.(*Encoder).encodeArray(0xc002577dc0?, 0xc0002388a0?, {0x655000?, 0xc00232c8d0?, 0xc000238750?}, 0xc00020f750, 0x0, 0x6c0f, 0x0)
	/usr/local/go/src/encoding/gob/encode.go:351 +0x4b4
encoding/gob.encOpFor.func1(0x655000?, 0xc002577dc0, {0x655000?, 0xc00232c8d0?, 0xc00040ba70?})
	/usr/local/go/src/encoding/gob/encode.go:516 +0x139
encoding/gob.(*Encoder).encodeSingle(0xc000236680?, 0x0?, 0xc00aae8c50?, {0x655000?, 0xc00232c8d0?, 0x40cfc7?})
	/usr/local/go/src/encoding/gob/encode.go:301 +0x1f1
encoding/gob.(*Encoder).encode(0xc0002986e0, 0xc000298718, {0x655000?, 0xc00232c8d0?, 0xc000236680?}, 0xc000236680)
	/usr/local/go/src/encoding/gob/encode.go:668 +0x1c8
encoding/gob.(*Encoder).EncodeValue(0xc0002986e0, {0x655000?, 0xc00232c8d0?, 0x655000?})
	/usr/local/go/src/encoding/gob/encoder.go:251 +0x3fd
encoding/gob.(*Encoder).Encode(0x655000?, {0x655000?, 0xc00232c8d0?})
	/usr/local/go/src/encoding/gob/encoder.go:176 +0x6a
6.5840/labgob.(*LabEncoder).Encode(0xc000cd6050, {0x655000, 0xc00232c8d0})
	/home/hmc/learngo/mit-6.5840-private/src/labgob/labgob.go:34 +0x3f
6.5840/raft.(*Raft).persist(0xc00066da40)
	/home/hmc/learngo/mit-6.5840-private/src/raft/raft.go:160 +0xba
6.5840/raft.(*Raft).ApplyEntries(0xc00066da40, 0xc0047d8480, 0xc0001ae7e0)
	/home/hmc/learngo/mit-6.5840-private/src/raft/raft.go:541 +0x345
reflect.Value.call({0xc000138690?, 0xc000c665c8?, 0xc001d31b18?}, {0x6aef4f, 0x4}, {0xc001d31d20, 0x3, 0xc001d31b48?})
	/usr/local/go/src/reflect/value.go:581 +0xca6
reflect.Value.Call({0xc000138690?, 0xc000c665c8?, 0xc0078d8d70?}, {0xc001d31d20?, 0x475657?, 0x0?})
	/usr/local/go/src/reflect/value.go:365 +0xb9
6.5840/labrpc.(*Service).dispatch(0xc000811180, {0x6b2a0c, 0xc}, {{0x656d80, 0xc001fcb8b0}, {0x6b2a07, 0x11}, {0x71b0f8, 0x64fd60}, {0xc001a15400, ...}, ...})
	/home/hmc/learngo/mit-6.5840-private/src/labrpc/labrpc.go:506 +0x35f
6.5840/labrpc.(*Server).dispatch(0xc000665c20, {{0x656d80, 0xc001fcb8b0}, {0x6b2a07, 0x11}, {0x71b0f8, 0x64fd60}, {0xc001a15400, 0x3ea, 0x400}, ...})
	/home/hmc/learngo/mit-6.5840-private/src/labrpc/labrpc.go:430 +0x1e5
6.5840/labrpc.(*Network).processReq.func1()
	/home/hmc/learngo/mit-6.5840-private/src/labrpc/labrpc.go:240 +0x3f
created by 6.5840/labrpc.(*Network).processReq in goroutine 1552710
	/home/hmc/learngo/mit-6.5840-private/src/labrpc/labrpc.go:239 +0x1d0

goroutine 1552657 [sync.Cond.Wait]:
sync.runtime_notifyListWait(0xc000811310, 0xb316)
	/usr/local/go/src/runtime/sema.go:597 +0x159
sync.(*Cond).Wait(0xc00066db80?)
	/usr/local/go/src/sync/cond.go:71 +0x85
6.5840/shardctrler.(*ShardCtrler).Query(0xc0005d6660, 0xc0009d8390, 0xc002034180)
	/home/hmc/learngo/mit-6.5840-private/src/shardctrler/server.go:199 +0x1b4
reflect.Value.call({0xc0001385a0?, 0xc000c66650?, 0xc00a4f3b18?}, {0x6aef4f, 0x4}, {0xc00a4f3d20, 0x3, 0xc00a4f3b48?})
	/usr/local/go/src/reflect/value.go:581 +0xca6
reflect.Value.Call({0xc0001385a0?, 0xc000c66650?, 0xc004a9a170?}, {0xc00a4f3d20?, 0x475657?, 0x8d94e8?})
	/usr/local/go/src/reflect/value.go:365 +0xb9
6.5840/labrpc.(*Service).dispatch(0xc000811380, {0x6b29f1, 0x5}, {{0x656d80, 0xc00161b1b0}, {0x6b29e5, 0x11}, {0x71b0f8, 0x64fba0}, {0xc000016500, ...}, ...})
	/home/hmc/learngo/mit-6.5840-private/src/labrpc/labrpc.go:506 +0x35f
6.5840/labrpc.(*Server).dispatch(0xc000665cf8, {{0x656d80, 0xc00161b1b0}, {0x6b29e5, 0x11}, {0x71b0f8, 0x64fba0}, {0xc000016500, 0x77, 0x80}, ...})
	/home/hmc/learngo/mit-6.5840-private/src/labrpc/labrpc.go:430 +0x1e5
6.5840/labrpc.(*Network).processReq.func1()
	/home/hmc/learngo/mit-6.5840-private/src/labrpc/labrpc.go:240 +0x3f
created by 6.5840/labrpc.(*Network).processReq in goroutine 1552608
	/home/hmc/learngo/mit-6.5840-private/src/labrpc/labrpc.go:239 +0x1d0

goroutine 1552717 [chan receive]:
6.5840/labrpc.(*ClientEnd).Call(0xc007ae8600, {0x6b29e5?, 0xc0052b6b60?}, {0x64fba0, 0xc004d49d70}, {0x64fce0, 0xc004756300})
	/home/hmc/learngo/mit-6.5840-private/src/labrpc/labrpc.go:112 +0x226
6.5840/shardctrler.(*Clerk).makeCall.func1()
	/home/hmc/learngo/mit-6.5840-private/src/shardctrler/client.go:167 +0x4c
created by 6.5840/shardctrler.(*Clerk).makeCall in goroutine 426304
	/home/hmc/learngo/mit-6.5840-private/src/shardctrler/client.go:166 +0x128

goroutine 1552742 [sync.Mutex.Lock]:
internal/sync.runtime_SemacquireMutex(0x3?, 0x4?, 0xc00001da60?)
	/usr/local/go/src/runtime/sema.go:95 +0x25
internal/sync.(*Mutex).lockSlow(0xc00066d900)
	/usr/local/go/src/internal/sync/mutex.go:149 +0x15d
internal/sync.(*Mutex).Lock(...)
	/usr/local/go/src/internal/sync/mutex.go:70
sync.(*Mutex).Lock(...)
	/usr/local/go/src/sync/mutex.go:46
6.5840/raft.(*Raft).ApplyEntries(0xc00066d900, 0xc009e8cac0, 0xc0020819b0)
	/home/hmc/learngo/mit-6.5840-private/src/raft/raft.go:443 +0x6d
reflect.Value.call({0xc000138690?, 0xc000c66548?, 0xc001ea3b18?}, {0x6aef4f, 0x4}, {0xc001ea3d20, 0x3, 0xc001ea3b48?})
	/usr/local/go/src/reflect/value.go:581 +0xca6
reflect.Value.Call({0xc000138690?, 0xc000c66548?, 0xc0046ec7c8?}, {0xc001ea3d20?, 0x475657?, 0x2?})
	/usr/local/go/src/reflect/value.go:365 +0xb9
6.5840/labrpc.(*Service).dispatch(0xc000810d00, {0x6b2a0c, 0xc}, {{0x656d80, 0xc001fcb870}, {0x6b2a07, 0x11}, {0x71b0f8, 0x64fd60}, {0xc0002b5000, ...}, ...})
	/home/hmc/learngo/mit-6.5840-private/src/labrpc/labrpc.go:506 +0x35f
6.5840/labrpc.(*Server).dispatch(0xc000665b48, {{0x656d80, 0xc001fcb870}, {0x6b2a07, 0x11}, {0x71b0f8, 0x64fd60}, {0xc0002b5000, 0x396, 0x400}, ...})
	/home/hmc/learngo/mit-6.5840-private/src/labrpc/labrpc.go:430 +0x1e5
6.5840/labrpc.(*Network).processReq.func1()
	/home/hmc/learngo/mit-6.5840-private/src/labrpc/labrpc.go:240 +0x3f
created by 6.5840/labrpc.(*Network).processReq in goroutine 1552741
	/home/hmc/learngo/mit-6.5840-private/src/labrpc/labrpc.go:239 +0x1d0

goroutine 1552700 [chan receive]:
6.5840/labrpc.(*ClientEnd).Call(0xc000a9dc00, {0x6b2a07?, 0x30?}, {0x64fd60, 0xc004864140}, {0x64fee0, 0xc0002b8000})
	/home/hmc/learngo/mit-6.5840-private/src/labrpc/labrpc.go:112 +0x226
6.5840/raft.(*Raft).sendApplyEntries(...)
	/home/hmc/learngo/mit-6.5840-private/src/raft/raft.go:544
6.5840/raft.(*Raft).sendApplyEntriesTo(0xc00066db80, 0x1, {0x1, 0x2, 0x6c06, 0x1, {0xc000123680, 0x8, 0x8}, 0x6c06})
	/home/hmc/learngo/mit-6.5840-private/src/raft/raft.go:709 +0x115
created by 6.5840/raft.(*Raft).sendHeartBeat in goroutine 81463
	/home/hmc/learngo/mit-6.5840-private/src/raft/raft.go:824 +0x4e5

goroutine 1552520 [chan receive]:
6.5840/labrpc.(*ClientEnd).Call(0xc005189580, {0x6b29e5?, 0x71b0f8?}, {0x64fba0, 0xc001fb0678}, {0x64fce0, 0xc002c3c180})
	/home/hmc/learngo/mit-6.5840-private/src/labrpc/labrpc.go:112 +0x226
6.5840/shardctrler.(*Clerk).makeCall.func1()
	/home/hmc/learngo/mit-6.5840-private/src/shardctrler/client.go:167 +0x4c
created by 6.5840/shardctrler.(*Clerk).makeCall in goroutine 767330
	/home/hmc/learngo/mit-6.5840-private/src/shardctrler/client.go:166 +0x128
exit status 2
FAIL	6.5840/shardkv	600.052s
